Year,Location_Name,Treated,Treated_Label,production,land_use,municipal_burden,external_input,FSOI
2008,Türkiye,3,Türkiye,0.2930736891965514,0.3189130974686568,0.5322744714904037,0.8032451139856704,0.4868765930353206
2010,Türkiye,3,Türkiye,0.30882020897250717,0.31035120798604765,0.5684506047001587,0.7731313750130437,0.49018834916793935
2012,Türkiye,3,Türkiye,0.30705575357906767,0.30701952734480714,0.5917692762898303,0.7710388049814692,0.49422084054879356
2014,Türkiye,3,Türkiye,0.3082115472827743,0.3030591991457982,0.5714895249689125,0.771095062261721,0.4884638334148015
2016,Türkiye,3,Türkiye,0.31721461299678655,0.2994918452306369,0.5186410200192524,0.722090738148178,0.4643595540987135
2018,Türkiye,3,Türkiye,0.3195894679928946,0.2979278868634282,0.5487090497709581,0.7965327207103127,0.49068978133439844
2020,Türkiye,3,Türkiye,0.3298708314399856,0.2967015357145798,0.5849236172719583,0.738470831114328,0.4874917038852129
2022,Türkiye,3,Türkiye,0.3317262543657568,0.2937572271554662,0.6694650709956026,0.8031336859525248,0.5245205596173376
2024,Türkiye,3,Türkiye,0.3253716792809726,0.2929375365343413,0.650215562509814,0.7698893372856571,0.5096035289026962
2008,İstanbul,2,Old-metropolitan,0.010848679298987255,0.20216192614647563,0.41206164637716813,0.9985285943431912,0.40590021154145556
2010,İstanbul,2,Old-metropolitan,0.007524394283772423,0.2019094073862183,0.36224020456400263,0.9990511386138928,0.3926812862119715
2012,İstanbul,2,Old-metropolitan,0.009083918370989756,0.20167910428591193,0.464941086001986,0.9974509209659345,0.4182887574062055
2014,İstanbul,2,Old-metropolitan,0.0075949780654345125,0.20151049785827255,0.4631567685121919,0.9935497687337502,0.4164530032924123
2016,İstanbul,2,Old-metropolitan,0.007317846248564163,0.2013823838955739,0.3499206253966828,0.9787399253301745,0.38434019521774887
2018,İstanbul,2,Old-metropolitan,0.007140558561164853,0.20127788237378627,0.39478154951454414,0.9894216538418023,0.3981554110728244
2020,İstanbul,2,Old-metropolitan,0.006777861952019198,0.20119540248360762,0.4578787154149544,0.9962896837803785,0.4155354159077399
2022,İstanbul,2,Old-metropolitan,0.006961029351157903,0.2011334065564324,0.5591711622749934,0.9968604719297954,0.4410315175280948
2024,İstanbul,2,Old-metropolitan,0.005829629146056836,0.20104882459905488,0.5175748143161409,1.0,0.4311133170153132
2008,Tekirdağ,1,New-metropolitan (2012),0.27370191633947216,0.3340015616118502,0.3341582602090628,0.4512004139558343,0.3482655380290549
2010,Tekirdağ,1,New-metropolitan (2012),0.2623156240298691,0.3237010649468296,0.358605083954873,0.4153291275285792,0.3399877251150377
2012,Tekirdağ,1,New-metropolitan (2012),0.2650043961254431,0.3007794730157939,0.43109667878178537,0.4444644145502522,0.3603362406183186
2014,Tekirdağ,1,New-metropolitan (2012),0.2683731696100992,0.3001606055962035,0.48233920810584674,0.5287084265768536,0.39489535247225077
2016,Tekirdağ,1,New-metropolitan (2012),0.270029316070026,0.29937000742849074,0.38912814852402344,0.3993979119579214,0.33948134599511537
2018,Tekirdağ,1,New-metropolitan (2012),0.24744465116499936,0.29099052299903566,0.4164485224967892,0.6302033988216511,0.39627177387061885
2020,Tekirdağ,1,New-metropolitan (2012),0.2525566262815756,0.28282666660401,0.5725486615603254,0.5140622082135344,0.40549854066486135
2022,Tekirdağ,1,New-metropolitan (2012),0.2404660160842101,0.2822345504397979,0.560477343658347,0.6190948229159161,0.42556818327456775
2024,Tekirdağ,1,New-metropolitan (2012),0.22625348414621416,0.2738365451625109,0.5693375843485756,0.7335414512838672,0.45074226623529196
2008,Edirne,0,Non-metropolitan,0.3622126676588342,0.4407640001689975,0.4095071085559572,0.21147994275054205,0.35599092978358277
2010,Edirne,0,Non-metropolitan,0.3711718217319845,0.42797615188910265,0.42442139594763884,0.1110764991086649,0.33366146716934775
2012,Edirne,0,Non-metropolitan,0.35032795612280976,0.39231589757608687,0.33900183436627096,0.11844806523450035,0.30002343832491696
2014,Edirne,0,Non-metropolitan,0.35552944389347924,0.380051640749154,0.48423044394466264,0.15741036112635465,0.3443054724284126
2016,Edirne,0,Non-metropolitan,0.3508952685186607,0.37553936732944493,0.5748989064621055,0.0,0.32533338557755276
2018,Edirne,0,Non-metropolitan,0.3413995811422057,0.36307333579060697,0.7190687348620108,0.2953915569282507,0.42973330218076855
2020,Edirne,0,Non-metropolitan,0.3430973471885777,0.353823290090682,0.7362239538738268,0.00719983556911008,0.36008610668054913
2022,Edirne,0,Non-metropolitan,0.34368075257271885,0.3518786871925052,0.7959684819681822,0.2408093963646991,0.4330843295245263
2024,Edirne,0,Non-metropolitan,0.33068645859871726,0.35202338777545766,0.8121911151914911,0.18063418993845815,0.4188837878760311
2008,Kırklareli,0,Non-metropolitan,0.32248860913563987,0.36326911647571997,0.569524966862683,0.47353368683865404,0.43220409482817423
2010,Kırklareli,0,Non-metropolitan,0.3089282156595558,0.3572606000042314,0.545099746301413,0.4116302610531126,0.40572970575457823
2012,Kırklareli,0,Non-metropolitan,0.31649461246867217,0.31845139178067694,0.9428864488703091,0.36767101482987796,0.486375866987384
2014,Kırklareli,0,Non-metropolitan,0.33963166526497846,0.3374535358740792,0.6705155928304471,0.4052298741009729,0.4382076670176194
2016,Kırklareli,0,Non-metropolitan,0.3272455786458121,0.3331059910413402,0.7135276796694661,0.25522667218134165,0.40727648038449
2018,Kırklareli,0,Non-metropolitan,0.32626679795817276,0.3248108286417866,0.7610448708275597,0.44947466829472493,0.465399291430561
2020,Kırklareli,0,Non-metropolitan,0.3378572703187877,0.32138967541486485,0.7624944807812003,0.330364976739817,0.4380266008136674
2022,Kırklareli,0,Non-metropolitan,0.32570525298049663,0.32161007533816477,0.8621898639845272,0.3596190764719991,0.467281067193797
2024,Kırklareli,0,Non-metropolitan,0.3129385725253275,0.31856983478330453,0.8446239652802222,0.4292860432915898,0.476354603970111
2008,Balıkesir,1,New-metropolitan (2012),0.24389856087953107,0.38104366953838886,0.6683418836207806,0.7931515494993969,0.5216089158845244
2010,Balıkesir,1,New-metropolitan (2012),0.23240247302037165,0.3564912133849204,0.6560194068694906,0.761929980286795,0.5017107683903944
2012,Balıkesir,1,New-metropolitan (2012),0.25244994329698783,0.35666764498961595,0.6661803640353994,0.7737743033872961,0.5122680639273248
2014,Balıkesir,1,New-metropolitan (2012),0.2508374730747371,0.34042691652874213,0.5931438974038543,0.7928008217417098,0.49430227718726083
2016,Balıkesir,1,New-metropolitan (2012),0.29763313445103934,0.334332434940596,0.4145571228399302,0.7304610333366587,0.44424593139205604
2018,Balıkesir,1,New-metropolitan (2012),0.29595255598849607,0.32016054829478674,0.4708323764008897,0.7955831865204316,0.47063216680115105
2020,Balıkesir,1,New-metropolitan (2012),0.30144135113211235,0.3226007857112062,0.6840015004128324,0.7257968169290357,0.5084601135462967
2022,Balıkesir,1,New-metropolitan (2012),0.3208307240311229,0.31211013742133586,0.8007347278570818,0.8029555770979642,0.5591577916018762
2024,Balıkesir,1,New-metropolitan (2012),0.3123869987560183,0.3126759210864385,0.7692685759588506,0.8208883945592222,0.5538049725901324
2008,Çanakkale,0,Non-metropolitan,0.2639796447371691,0.41412480328218504,0.795640726370317,0.6917694688690084,0.5413786608146699
2010,Çanakkale,0,Non-metropolitan,0.3102520173774724,0.41684795595330015,0.8028035579884039,0.6654510971757697,0.5488386571237365
2012,Çanakkale,0,Non-metropolitan,0.341226877221781,0.4169783861961248,0.7877092383347989,0.6748103332666271,0.5551812087548329
2014,Çanakkale,0,Non-metropolitan,0.34797008372907395,0.39924896084081063,0.7987829089017997,0.7004574653131143,0.5616148546961997
2016,Çanakkale,0,Non-metropolitan,0.35174435708595336,0.4020322199133016,0.6655845417696831,0.6227428405120444,0.5105259898202457
2018,Çanakkale,0,Non-metropolitan,0.3661779951608563,0.39893065514039844,0.5651079904660044,0.6939922509481489,0.506052222928852
2020,Çanakkale,0,Non-metropolitan,0.3904436306875473,0.4035031131786183,0.6103147153612456,0.6403044563085243,0.5111414788839839
2022,Çanakkale,0,Non-metropolitan,0.40494731398591566,0.384581504462166,0.6620511068838266,0.7411622452781923,0.5481855426525251
2024,Çanakkale,0,Non-metropolitan,0.3821270448748862,0.37326761131557873,0.6258066513221074,0.7569987209404432,0.5345500071132538
2008,İzmir,2,Old-metropolitan,0.19528764243066052,0.2680409553036772,0.6247523711682097,0.926472279378507,0.5036383120702637
2010,İzmir,2,Old-metropolitan,0.21275300036658726,0.2634406469195708,0.5041071777555952,0.9124366026509683,0.4731843569231804
2012,İzmir,2,Old-metropolitan,0.21650866017865242,0.26369561621820486,0.5770907013615117,0.9145481329963813,0.4929607776886876
2014,İzmir,2,Old-metropolitan,0.22642360412342893,0.26009774282991505,0.5998430155347354,0.9108235252619771,0.4992969719375141
2016,İzmir,2,Old-metropolitan,0.21767974139682272,0.2558922996627585,0.4858469294420771,0.8944063491774729,0.4634563299197828
2018,İzmir,2,Old-metropolitan,0.21865743170498234,0.25375443527823915,0.46079802105089507,0.9167231562409764,0.46248326106877324
2020,İzmir,2,Old-metropolitan,0.22024016580142,0.2509756664186251,0.4233332692524372,0.8777499401652926,0.4430747604094437
2022,İzmir,2,Old-metropolitan,0.23774278491748746,0.24381214331015397,0.6039520905249556,0.9127928079622276,0.49957495667870616
2024,İzmir,2,Old-metropolitan,0.23850349582809344,0.24729867541628656,0.5993628373353624,0.8912469901306503,0.4941029996775982
2008,Aydın,1,New-metropolitan (2012),0.27061820862336017,0.3984987831524939,0.5833627471189733,0.778786291226725,0.5078165075303881
2010,Aydın,1,New-metropolitan (2012),0.28874442105711096,0.3950004930331862,0.6861638530997742,0.7594725854777837,0.5323453381669638
2012,Aydın,1,New-metropolitan (2012),0.32667443594652545,0.38843296144284933,0.7123805723230862,0.7667026071497032,0.548547644215541
2014,Aydın,1,New-metropolitan (2012),0.33479222389057484,0.3798755046196214,0.6060456078527152,0.7587735336270267,0.5198717174974845
2016,Aydın,1,New-metropolitan (2012),0.33724773358915977,0.37659901551105124,0.4269792892890645,0.7166319226932483,0.4643644902706309
2018,Aydın,1,New-metropolitan (2012),0.34361722212264656,0.36267848050351603,0.591181884947951,0.7623850101529154,0.5149656494317573
2020,Aydın,1,New-metropolitan (2012),0.35849127786066665,0.357641098367488,0.5963862847893724,0.7582435452005315,0.5176905515545146
2022,Aydın,1,New-metropolitan (2012),0.34108233948180705,0.3449029195058586,0.6842708271471881,0.8225485470663606,0.5482011583003036
2024,Aydın,1,New-metropolitan (2012),0.3397214114569665,0.33474977046183013,0.6465908921404591,0.8418912762360239,0.5407383375738198
2008,Denizli,1,New-metropolitan (2012),0.24442089146082593,0.3538157632270172,0.7296160578259627,0.810034307227622,0.5344717549353569
2010,Denizli,1,New-metropolitan (2012),0.2688302126394517,0.3502248245922244,0.7572945133178122,0.7647099790795338,0.5352648824072554
2012,Denizli,1,New-metropolitan (2012),0.2849151527358946,0.3453742554575504,0.7339175015243142,0.7704803150833229,0.5336718062002705
2014,Denizli,1,New-metropolitan (2012),0.2908935130746873,0.3307153796558572,0.6651641165954479,0.7468861059660352,0.5084147788230069
2016,Denizli,1,New-metropolitan (2012),0.2909931317404752,0.3251692642189338,0.6089800698016604,0.7212684090333693,0.4866027186986096
2018,Denizli,1,New-metropolitan (2012),0.2974513233927172,0.32045686077495417,0.6469976712283189,0.7882471809631155,0.5132882590897765
2020,Denizli,1,New-metropolitan (2012),0.32533355547918835,0.3210015283553518,0.741950207595325,0.757706188269032,0.5364978699247243
2022,Denizli,1,New-metropolitan (2012),0.31512352870742183,0.3169227963500391,0.7876029783477503,0.8405423043998155,0.5650479019512566
2024,Denizli,1,New-metropolitan (2012),0.29343787975109686,0.3101829770331639,0.7955182983693048,0.8319428079520158,0.5577704907763953
2008,Muğla,1,New-metropolitan (2012),0.4210300548317958,0.443838489300947,0.38019387438501817,0.8628178316692248,0.5269700625467464
2010,Muğla,1,New-metropolitan (2012),0.45822084398779367,0.43509750557305926,0.44560006050193757,0.8634232684395353,0.5505854196255815
2012,Muğla,1,New-metropolitan (2012),0.4797335071305889,0.41425177196910523,0.3710374198145554,0.8888702623975006,0.5384732403279375
2014,Muğla,1,New-metropolitan (2012),0.48001864842518044,0.40780812636270775,0.30475296795109863,0.8942632826049878,0.5217107563359936
2016,Muğla,1,New-metropolitan (2012),0.5069061544005907,0.3934087934049216,0.10214312487222166,0.8642322436373848,0.4666725790787797
2018,Muğla,1,New-metropolitan (2012),0.5281820281489,0.3839475251582837,0.1334506344345855,0.8968591014675409,0.4856098223023275
2020,Muğla,1,New-metropolitan (2012),0.550593965772741,0.36047890535672444,0.20991970544390193,0.8762512648332395,0.49931096035165173
2022,Muğla,1,New-metropolitan (2012),0.47973783967027944,0.3263214628058595,0.4494055873748275,0.9117340512740612,0.5417997352812569
2024,Muğla,1,New-metropolitan (2012),0.44165189751859957,0.31756994687343143,0.24617661179185346,0.9096492100770524,0.4787619165652342
2008,Manisa,1,New-metropolitan (2012),0.22525541395845258,0.4102922851754146,0.5945126312509419,0.7548260945194982,0.49622160622607686
2010,Manisa,1,New-metropolitan (2012),0.19721066509045024,0.3907678240066807,0.6396480339977266,0.7331105341217183,0.49018426430414397
2012,Manisa,1,New-metropolitan (2012),0.21532079085451353,0.39212545059243176,0.6271635376104201,0.7209181509102153,0.4888819824918952
2014,Manisa,1,New-metropolitan (2012),0.2284008896293992,0.3858122280502597,0.4804016934826977,0.7385747749782439,0.4582973965351501
2016,Manisa,1,New-metropolitan (2012),0.22838706753174773,0.38466892310685724,0.4194722736324319,0.6767266381042922,0.42731372559383224
2018,Manisa,1,New-metropolitan (2012),0.24165400412979837,0.37383053259535043,0.5143403398730532,0.7646863974145932,0.4736278185031988
2020,Manisa,1,New-metropolitan (2012),0.23455276191484645,0.3758029412126534,0.5584093953367912,0.7560806120532226,0.4812114276293784
2022,Manisa,1,New-metropolitan (2012),0.23577915428102372,0.36646248798685527,0.5717552225160747,0.8291920262588478,0.5007972227607004
2024,Manisa,1,New-metropolitan (2012),0.21304402528395938,0.36820139391181783,0.6588730102761456,0.7928506269334692,0.508242264101348
2008,Afyonkarahisar,0,Non-metropolitan,0.3537524552564337,0.3191202500370042,0.5306905086914054,0.6423837577145537,0.46148674292484926
2010,Afyonkarahisar,0,Non-metropolitan,0.37675932548703445,0.33782742953272543,0.5425723573381707,0.5947951495915995,0.46298856548738254
2012,Afyonkarahisar,0,Non-metropolitan,0.3694849577889738,0.3254761447652513,0.5648863260862564,0.6202392821641652,0.47002167770116166
2014,Afyonkarahisar,0,Non-metropolitan,0.39140760803874447,0.3196769299942107,0.622999159437803,0.5669318854277681,0.47525389572463156
2016,Afyonkarahisar,0,Non-metropolitan,0.40082144655317514,0.30962166851649287,0.7437283593339266,0.5136878863974585,0.49196484020026326
2018,Afyonkarahisar,0,Non-metropolitan,0.4154900515530389,0.31475753626739106,0.7560205489178569,0.6081053157800089,0.5235933631295739
2020,Afyonkarahisar,0,Non-metropolitan,0.4593016170145928,0.31265662219990636,0.8236838019206982,0.5534699933764513,0.5372780086279122
2022,Afyonkarahisar,0,Non-metropolitan,0.4880893478910509,0.2892102067961267,0.8446997391531197,0.6602734022096378,0.5705681740124837
2024,Afyonkarahisar,0,Non-metropolitan,0.5140703823632826,0.2881590663369419,0.8439198327256111,0.5786590969890836,0.5562020946037298
2008,Kütahya,0,Non-metropolitan,0.29158241499247634,0.32024124221191963,0.37841244754388215,0.8321320489941726,0.4555920384356127
2010,Kütahya,0,Non-metropolitan,0.2659057778715609,0.30421066607039865,0.3689431287623972,0.791624908387397,0.4326711202729384
2012,Kütahya,0,Non-metropolitan,0.26408536132177884,0.3042553488676109,0.6411287515929351,0.7875671041000774,0.4992591414706006
2014,Kütahya,0,Non-metropolitan,0.2802592105744951,0.3022611921103521,0.7830448024995913,0.7491356486110998,0.5286752134488846
2016,Kütahya,0,Non-metropolitan,0.2600856852392374,0.2996239583326573,0.8639512500059356,0.7534385023703276,0.5442748489870395
2018,Kütahya,0,Non-metropolitan,0.2953871877232633,0.2901954563679426,0.8550335290406568,0.7483761749813556,0.5472480870283045
2020,Kütahya,0,Non-metropolitan,0.29831442703899597,0.28963882352876186,0.8890868208223097,0.5855928424272987,0.5156582284543416
2022,Kütahya,0,Non-metropolitan,0.3113621722639418,0.283920767780878,0.9289147363515905,0.6065709232098234,0.5326921499015584
2024,Kütahya,0,Non-metropolitan,0.3206587140039354,0.2771835692279137,0.9143326794466684,0.17427657734257784,0.42161288500527383
2008,Uşak,0,Non-metropolitan,0.2750391888389151,0.3991319012576249,0.6661466240667002,0.7111485639591084,0.5128665695305872
2010,Uşak,0,Non-metropolitan,0.305755660698915,0.3968913941422246,0.6571051036775519,0.6465559973654049,0.5015770389710241
2012,Uşak,0,Non-metropolitan,0.297939801487097,0.3921818066552828,0.655538496339021,0.6336284768747956,0.4948221453390491
2014,Uşak,0,Non-metropolitan,0.2884866992825493,0.38772701769765694,0.7477886855496788,0.631534321741319,0.513884181067801
2016,Uşak,0,Non-metropolitan,0.28870104939598606,0.3765115231086339,0.6039460149641607,0.628697433363538,0.4744640052080797
2018,Uşak,0,Non-metropolitan,0.29511284359141554,0.36402127687481933,0.6407929942970282,0.7371354736580149,0.5092656471053195
2020,Uşak,0,Non-metropolitan,0.30342049558022155,0.36255370558633665,0.7016709212189314,0.6977604476751773,0.5163513925151667
2022,Uşak,0,Non-metropolitan,0.2993379229450073,0.3600366394079783,0.7978624647752226,0.8162574434591249,0.5683736176468333
2024,Uşak,0,Non-metropolitan,0.28270632259511347,0.3481565500859296,0.8202828243812654,0.806697961439746,0.5644609146255136
2008,Bursa,2,Old-metropolitan,0.1612957380776151,0.3010272484347277,0.5989953062423019,0.9095901345427813,0.4927271068243565
2010,Bursa,2,Old-metropolitan,0.16776235402669679,0.2871349016478105,0.6396609194906591,0.8737355702617696,0.49207343635673406
2012,Bursa,2,Old-metropolitan,0.16145044965800237,0.2851266155447564,0.6795636994062698,0.8864668151573072,0.5031518949415839
2014,Bursa,2,Old-metropolitan,0.18232094629938078,0.27753879226020256,0.6107633578546412,0.8910648081830433,0.49042197614931693
2016,Bursa,2,Old-metropolitan,0.17224662609294084,0.27112933914929116,0.5460366487986577,0.8746054315493371,0.4660045113975567
2018,Bursa,2,Old-metropolitan,0.19118178164250668,0.26899466170574177,0.569304906366896,0.9100839465282418,0.48489132406084656
2020,Bursa,2,Old-metropolitan,0.1831290454004965,0.26129508366185406,0.6284752376251426,0.8864636281413306,0.48984074870720595
2022,Bursa,2,Old-metropolitan,0.18773399214766243,0.2542905526760087,0.7507609145321104,0.9047370974585133,0.5243806392035737
2024,Bursa,2,Old-metropolitan,0.18529629101660797,0.25925972973584444,0.616727122210229,0.8711046701309054,0.48309695327339663
2008,Eskişehir,2,Old-metropolitan,0.29724230036548266,0.2545041749239971,0.64434528073767,0.7557837213393032,0.4879688693416132
2010,Eskişehir,2,Old-metropolitan,0.2960672589287767,0.2751883101395705,0.6848961878906996,0.6840734030217306,0.48505628999519435
2012,Eskişehir,2,Old-metropolitan,0.319824912827475,0.2636977520567615,0.8175470985054692,0.6705879031440388,0.5179144166334362
2014,Eskişehir,2,Old-metropolitan,0.3304440723109918,0.23791809369291803,0.7900866777862698,0.7040170559201322,0.515616474927578
2016,Eskişehir,2,Old-metropolitan,0.352262222804652,0.24486293905950024,0.7194821395691771,0.6230344906576921,0.48491044802275535
2018,Eskişehir,2,Old-metropolitan,0.354525403131954,0.24831447718213492,0.7346406646999352,0.7245897471382826,0.5155175730380767
2020,Eskişehir,2,Old-metropolitan,0.3873219110900769,0.2671136860359042,0.7544041356439322,0.689788500946257,0.5246570584290425
2022,Eskişehir,2,Old-metropolitan,0.3688492060600902,0.2616339659965822,0.8230230932195552,0.7506014826871389,0.5510269369908416
2024,Eskişehir,2,Old-metropolitan,0.4008541769727427,0.2803751984486321,0.768415965471718,0.6571307378126834,0.526694019676444
2008,Bilecik,0,Non-metropolitan,0.2967430039066134,0.4067468460089468,0.6022927689532661,0.8406308031451197,0.5366033555034865
2010,Bilecik,0,Non-metropolitan,0.31613909299387993,0.3778937251991611,0.7104226875807926,0.8167981029720008,0.5553134021864586
2012,Bilecik,0,Non-metropolitan,0.338680769119311,0.3897190038513344,0.6217646328615298,0.8332076001209244,0.5458430014882749
2014,Bilecik,0,Non-metropolitan,0.3690309956478313,0.3935993851357615,0.6779953311383493,0.8058856051894617,0.5616278292778509
2016,Bilecik,0,Non-metropolitan,0.34081461848218625,0.37911691392556107,0.733569831799666,0.790136669974539,0.560909508545488
2018,Bilecik,0,Non-metropolitan,0.332103869810706,0.37408291611059996,0.7479862148368956,0.7668037114317265,0.555244178047482
2020,Bilecik,0,Non-metropolitan,0.3401806715551357,0.36069259786497454,0.7153524424873948,0.8325357308375008,0.5621903606862515
2022,Bilecik,0,Non-metropolitan,0.31424096860475836,0.3727952924844626,0.9057791294599203,0.8411719544899191,0.6084968362597651
2024,Bilecik,0,Non-metropolitan,0.33931548032457404,0.3724027200174099,0.8384954859396979,0.8470767756707782,0.599322615488115
2008,Kocaeli,2,Old-metropolitan,0.08997372041764774,0.22376380929855957,0.5968457465667213,0.9723279959233572,0.4707278180515715
2010,Kocaeli,2,Old-metropolitan,0.10097792637613211,0.2250114727321046,0.5808847425899606,0.9746716401308938,0.4703864454572728
2012,Kocaeli,2,Old-metropolitan,0.08997206329094153,0.22205947730061829,0.5967689088250188,0.9727936143559975,0.470398515943144
2014,Kocaeli,2,Old-metropolitan,0.09189485409359054,0.2190052688270019,0.6324648748064128,0.9816351844803887,0.48125004555184847
2016,Kocaeli,2,Old-metropolitan,0.08740416380094772,0.21703761044865938,0.5829579980197304,0.9638909148389987,0.462822671777084
2018,Kocaeli,2,Old-metropolitan,0.08316231657810783,0.21590533542457419,0.5874171842388234,0.9723057059010181,0.46469763553563087
2020,Kocaeli,2,Old-metropolitan,0.08390971879746528,0.215844593209159,0.6225115872410958,0.9624349376450094,0.47117520922318235
2022,Kocaeli,2,Old-metropolitan,0.08454291407232692,0.2110192960140274,0.7780791493746799,0.9771103115252264,0.5126879177465651
2024,Kocaeli,2,Old-metropolitan,0.08134531659296612,0.21261268667575212,0.6716487495785404,0.9118865835971123,0.4693733341110927
2008,Sakarya,2,Old-metropolitan,0.2754663598540584,0.33640517561880967,0.5607096031727474,0.7015509194589303,0.4685330145261365
2010,Sakarya,2,Old-metropolitan,0.2668361081328885,0.3231056940459939,0.6916385471738986,0.7025204733183752,0.496025205667789
2012,Sakarya,2,Old-metropolitan,0.25972531338323407,0.31335166892070637,0.592350816886495,0.6736819237302157,0.45977743073016275
2014,Sakarya,2,Old-metropolitan,0.25773418893158584,0.3100683456560165,0.5406226505656708,0.7060231724752164,0.4536120894071224
2016,Sakarya,2,Old-metropolitan,0.24417378182374372,0.2996075892132091,0.4624443443750095,0.6192663514839294,0.4063730167239729
2018,Sakarya,2,Old-metropolitan,0.2384553618696704,0.29324856172087166,0.5311380484628444,0.7270949079318094,0.44748421999629895
2020,Sakarya,2,Old-metropolitan,0.2430719854356975,0.28823624049911356,0.6249144202600265,0.6812501903674615,0.4593682091405748
2022,Sakarya,2,Old-metropolitan,0.2262006528811607,0.2788944324214088,0.7207871640259849,0.7072021125671162,0.48327109047391764
2024,Sakarya,2,Old-metropolitan,0.20827762257795898,0.27269341812185854,0.6632394417818899,0.6048909445224112,0.4372753567510297
2008,Düzce,0,Non-metropolitan,0.16250135497012022,0.35224318401225807,0.6244614181658312,0.8260374868984437,0.4913108610116633
2010,Düzce,0,Non-metropolitan,0.12267322425441039,0.3293082140438752,0.48437289218996493,0.8181837195896757,0.4386345125194816
2012,Düzce,0,Non-metropolitan,0.15062913615532908,0.3227127800455948,0.5167059856314118,0.7981834429873355,0.4470578362049178
2014,Düzce,0,Non-metropolitan,0.17478743038896907,0.3197426790323643,0.6094639608668126,0.8174448598015802,0.4803597325224316
2016,Düzce,0,Non-metropolitan,0.16532348043060385,0.31118786099083645,0.693834474520315,0.8065845655703429,0.49423259537802455
2018,Düzce,0,Non-metropolitan,0.16517152770267424,0.3040266928977144,0.7791782628191429,0.8395021716648515,0.5219696637710958
2020,Düzce,0,Non-metropolitan,0.17048104751131013,0.2987039307198728,0.8883545972342479,0.7922647119565702,0.5374510718555003
2022,Düzce,0,Non-metropolitan,0.1586737590527574,0.29076787555452094,0.9132689805802546,0.9078271581306068,0.5676344433295349
2024,Düzce,0,Non-metropolitan,0.14824726675503178,0.29074280701966815,0.8115689171411989,0.88570019763111,0.5340647971367523
2008,Bolu,0,Non-metropolitan,0.31445195688513905,0.27919247273149983,0.6522011599580018,0.8618843845477667,0.5269324935306019
2010,Bolu,0,Non-metropolitan,0.30788652010096856,0.2710027919606882,0.6591564745158529,0.8154974926669498,0.5133858198111149
2012,Bolu,0,Non-metropolitan,0.29662746311206545,0.26544766536337006,0.6181192422823046,0.853985488974734,0.5085449649331186
2014,Bolu,0,Non-metropolitan,0.29599719546117353,0.26280195177616367,0.5613099557011594,0.8499885057662014,0.49252440217617455
2016,Bolu,0,Non-metropolitan,0.2823991853200493,0.25731910440890093,0.6126060343640995,0.8528070789444624,0.5012828507593781
2018,Bolu,0,Non-metropolitan,0.27063078581951094,0.25195099164459583,0.6817818408613594,0.8772165065182432,0.5203950312109273
2020,Bolu,0,Non-metropolitan,0.28208958296251657,0.25455814645729213,0.717126301756436,0.8641221687547073,0.529474049982738
2022,Bolu,0,Non-metropolitan,0.2623403382738245,0.24547738715022102,0.8400060498298517,0.9153900138852024,0.5658034472847749
2024,Bolu,0,Non-metropolitan,0.269011598526674,0.2468720590595357,0.7864217217016908,0.8959520242909806,0.5495643508947203
2008,Yalova,0,Non-metropolitan,0.15754016604719528,0.2568800178694556,0.5091677921424078,0.9762523884013837,0.4749600911151106
2010,Yalova,0,Non-metropolitan,0.12563186622954947,0.25087835179745915,0.6501831022693112,0.9583979590087891,0.49627281982627724
2012,Yalova,0,Non-metropolitan,0.12109879997672644,0.26997228427448694,0.6622503574342441,0.9815374408079128,0.5087147206233426
2014,Yalova,0,Non-metropolitan,0.11001387822257909,0.2504985136133526,0.6448327723276712,0.9732574891837475,0.4946506633368376
2016,Yalova,0,Non-metropolitan,0.08628985484221764,0.24590229985376472,0.6351236964866429,0.98099602028006,0.4870779678656713
2018,Yalova,0,Non-metropolitan,0.0817363305456067,0.24202105466247273,0.6416896689157465,0.9820102135136959,0.4868643169093805
2020,Yalova,0,Non-metropolitan,0.05722401227613568,0.23707813087439486,0.48201703767086956,0.9819950485731316,0.43957855734863294
2022,Yalova,0,Non-metropolitan,0.0899622426528282,0.23374660282514528,0.6582928021539028,0.9845925908798142,0.49164855962792264
2024,Yalova,0,Non-metropolitan,0.07883827372384758,0.2302828114484095,0.6502861234385201,0.9886486677200558,0.4870139690827082
2008,Ankara,2,Old-metropolitan,0.12198809398288056,0.24818021095413187,0.319034846459611,0.9139859556926493,0.4007972767723182
2010,Ankara,2,Old-metropolitan,0.1384944414528166,0.24573036080374813,0.4934806033923831,0.8883210278802213,0.4415066083822923
2012,Ankara,2,Old-metropolitan,0.13046613310812025,0.2404955010016434,0.6234640623407783,0.9001412725613349,0.47364174225296923
2014,Ankara,2,Old-metropolitan,0.12404034517608592,0.23896006062162184,0.582720154459496,0.894588493470641,0.4600772634319612
2016,Ankara,2,Old-metropolitan,0.13851266176157223,0.23747165201178527,0.5779692924890167,0.8680172504314884,0.45549271417346565
2018,Ankara,2,Old-metropolitan,0.13144029195545293,0.23381345261357334,0.5535025683696875,0.9120403365919416,0.45769916238266384
2020,Ankara,2,Old-metropolitan,0.14340326488935057,0.23571857683264302,0.6756362222637184,0.9076048389715454,0.49059072573931434
2022,Ankara,2,Old-metropolitan,0.13432104520290153,0.23421034552665992,0.7634269834670886,0.9304379435775524,0.5155990794435507
2024,Ankara,2,Old-metropolitan,0.13330567285779954,0.2345913504863133,0.7282215965526335,0.9277625561728046,0.5059702940173877
2008,Konya,2,Old-metropolitan,0.3821232016719432,0.2024713540025244,0.5667607504624854,0.4670118362575012,0.40459178559861353
2010,Konya,2,Old-metropolitan,0.39878520294794767,0.21090428435464642,0.5916764361161329,0.35582743157135843,0.3892983387475213
2012,Konya,2,Old-metropolitan,0.4032351588387084,0.23764290373635788,0.5866830677322564,0.3369082938272031,0.3911173560336315
2014,Konya,2,Old-metropolitan,0.40962939456165653,0.2674749983756611,0.5417396973301933,0.283917464683734,0.37569038873781124
2016,Konya,2,Old-metropolitan,0.42050541017181653,0.2907429145370154,0.5434534722950657,0.1666880996358241,0.3553474741599304
2018,Konya,2,Old-metropolitan,0.42601631033364773,0.32369287036696875,0.5338426306035164,0.3333977846520926,0.40423739898905636
2020,Konya,2,Old-metropolitan,0.45112040386752916,0.3355682689939724,0.5145676793740084,0.0,0.3253140880588775
2022,Konya,2,Old-metropolitan,0.44685754498694136,0.3387775088454542,0.6413534431033322,0.29215858845096443,0.4297867713466731
2024,Konya,2,Old-metropolitan,0.4405853492727611,0.3403182398601013,0.5923373455666134,0.12022167157756758,0.3733656515692608
2008,Karaman,0,Non-metropolitan,0.3988534933009596,0.6112228712806229,0.542760626179817,0.55130610210313,0.5260357732161324
2010,Karaman,0,Non-metropolitan,0.37515353962586656,0.5833574924404463,0.7838468362003765,0.3972942751044134,0.5349130358427757
2012,Karaman,0,Non-metropolitan,0.40722400647675716,0.555033438184329,0.7280363180666614,0.42969157890149534,0.5299963354073107
2014,Karaman,0,Non-metropolitan,0.44343292123885863,0.5664010691484198,0.6758741719430714,0.35661505207768285,0.5105808036020082
2016,Karaman,0,Non-metropolitan,0.44441105338310355,0.568708413207995,0.7344385727970231,0.13501245660568273,0.4706426239984511
2018,Karaman,0,Non-metropolitan,0.44899309470071186,0.5797754431453372,0.7346493534414418,0.2526259264817938,0.5040109544423212
2020,Karaman,0,Non-metropolitan,0.4557681577970953,0.5664397896691701,0.8055644679057896,0.22519852698884446,0.5132427355902248
2022,Karaman,0,Non-metropolitan,0.44889137206637886,0.5617647178105807,0.9053710612526652,0.3228138683390601,0.5597102548671713
2024,Karaman,0,Non-metropolitan,0.46146847873324465,0.5309256633830883,0.9237548803809106,0.42244545670864164,0.5846486198014713
2008,Antalya,2,Old-metropolitan,0.6344289322226163,0.5234220292595746,0.37457063553591474,0.812242585926393,0.5861660457361247
2010,Antalya,2,Old-metropolitan,0.6217961370909437,0.5109285260070203,0.3972466051643464,0.8043527070770395,0.5835809938348375
2012,Antalya,2,Old-metropolitan,0.6186326644281551,0.5019620338802585,0.4566956226290728,0.8493192627376953,0.6066523959187955
2014,Antalya,2,Old-metropolitan,0.6086604616419407,0.49336521431666114,0.47144848353232294,0.8594862264344459,0.6082400964813427
2016,Antalya,2,Old-metropolitan,0.605457370934699,0.4904938441549135,0.4018202352710455,0.8673091219816288,0.5912701430855717
2018,Antalya,2,Old-metropolitan,0.6107149221878477,0.48499385692779295,0.35673391717318836,0.8893742620798751,0.585454239592176
2020,Antalya,2,Old-metropolitan,0.6229894733481436,0.47851821036565256,0.41688098011998864,0.8518795094393355,0.59256704331828
2022,Antalya,2,Old-metropolitan,0.609371020541688,0.4526320802809872,0.4811855979480383,0.8173357570196592,0.5901311139475932
2024,Antalya,2,Old-metropolitan,0.5996685862963231,0.450210659368364,0.37976034222787947,0.8305004797628446,0.5650350169138527
2008,Isparta,0,Non-metropolitan,0.2442751497032139,0.3176739441570758,0.6703988740232565,0.8443325459404978,0.519170128456011
2010,Isparta,0,Non-metropolitan,0.2567325774911574,0.313789499990832,0.733655614032253,0.8219265374858281,0.5315260572500177
2012,Isparta,0,Non-metropolitan,0.24113658105466756,0.3196874259592647,0.6998702914803518,0.8455399312249255,0.5265585574298024
2014,Isparta,0,Non-metropolitan,0.2577581971967782,0.3338551431167179,0.7166753472993412,0.8124868873590634,0.5301938937429752
2016,Isparta,0,Non-metropolitan,0.2794134213336873,0.33489838567675545,0.6731514068328937,0.7834018306167868,0.5177162611150308
2018,Isparta,0,Non-metropolitan,0.3102326527771037,0.32593352974271406,0.7052081667028676,0.8373270818504729,0.5446753577682896
2020,Isparta,0,Non-metropolitan,0.33707349450694535,0.3256790628483494,0.7377368012092961,0.8355935122036915,0.5590207176920705
2022,Isparta,0,Non-metropolitan,0.31162858106899377,0.3004173127868093,0.7887507951862094,0.8969331014314563,0.5744324476183672
2024,Isparta,0,Non-metropolitan,0.30189786272634545,0.2944051219102549,0.7387568962315567,0.857662305871117,0.5481805466848185
2008,Burdur,0,Non-metropolitan,0.356248837137647,0.384219486181827,0.8192391270954605,0.6782391455516621,0.5594866489916492
2010,Burdur,0,Non-metropolitan,0.3721473164069489,0.38213866939770186,0.8358079846793516,0.6276001129941586,0.5544235208695403
2012,Burdur,0,Non-metropolitan,0.4079592089311227,0.3826082006142772,0.857989804095576,0.6744338679257532,0.5807477703916822
2014,Burdur,0,Non-metropolitan,0.4380175323845043,0.3844022029207287,0.852110663502702,0.6325824812922871,0.5767782200250555
2016,Burdur,0,Non-metropolitan,0.5590016896994812,0.4105538585078151,0.7598627819682011,0.6088820903311701,0.5845751051266669
2018,Burdur,0,Non-metropolitan,0.5682153626262627,0.40968170403652315,0.7484376315662628,0.7371896166827214,0.6158810787279425
2020,Burdur,0,Non-metropolitan,0.6705923468746267,0.41514327774803467,0.604538871018139,0.7017361540478613,0.5980026624221654
2022,Burdur,0,Non-metropolitan,0.684758970409242,0.4145995188184243,0.6214644737838004,0.7772239234113837,0.6245117216057127
2024,Burdur,0,Non-metropolitan,0.7300263479820392,0.44270102445297554,0.5749812450470362,0.7235807312247698,0.6178223371767052
2008,Adana,2,Old-metropolitan,0.5193163103503428,0.4955080836838325,0.38942574924926177,0.49902158937660124,0.47581793316500953
2010,Adana,2,Old-metropolitan,0.4802469400847561,0.4695580566886455,0.34962625340582676,0.4392259369504412,0.43466429678241736
2012,Adana,2,Old-metropolitan,0.45943152542305965,0.4248733198018533,0.6579060619103279,0.4363184519199499,0.49463233976379767
2014,Adana,2,Old-metropolitan,0.4539528435263255,0.40872538907935896,0.6301369041646864,0.49807359364309334,0.49772218260336604
2016,Adana,2,Old-metropolitan,0.46985450169316956,0.41594816637456733,0.6101976864003991,0.3736405158316377,0.4674102175749434
2018,Adana,2,Old-metropolitan,0.506734014618196,0.45400068781342107,0.5571035953159282,0.5017491502040045,0.5048968619878874
2020,Adana,2,Old-metropolitan,0.4960886385671369,0.44488373920570395,0.5853292053997781,0.3999911716044422,0.4815731886942653
2022,Adana,2,Old-metropolitan,0.4512913773982672,0.40397625175793606,0.7547902177655137,0.54846065380294,0.5396296251811643
2024,Adana,2,Old-metropolitan,0.44534773228282565,0.403669223339009,0.6907916067385385,0.5061086494243348,0.511479302946177
2008,Mersin,2,Old-metropolitan,0.46769788185256067,0.5145906849650823,0.4973894067651903,0.8001734842859597,0.5699628644671982
2010,Mersin,2,Old-metropolitan,0.436576956538006,0.49804626562328086,0.5684592336245348,0.7765358680375076,0.5699045809558323
2012,Mersin,2,Old-metropolitan,0.4787464284164322,0.5145557837692076,0.6230092031923952,0.8131058562406532,0.6073543179046721
2014,Mersin,2,Old-metropolitan,0.4809607584358723,0.5013457666759205,0.5757956027384896,0.8373999538176506,0.5988755204169833
2016,Mersin,2,Old-metropolitan,0.4801996393700031,0.4942638887506513,0.4588734978155329,0.7923047342876821,0.5564104400559673
2018,Mersin,2,Old-metropolitan,0.504512596687124,0.5139566910702547,0.5540237223607576,0.872062525669749,0.6111388839469714
2020,Mersin,2,Old-metropolitan,0.4755413528021148,0.4878374514133001,0.48149235129452006,0.8449657520785774,0.572459226897128
2022,Mersin,2,Old-metropolitan,0.5039849102965547,0.4925743266370867,0.7789012763797514,0.8686589865811587,0.6610298749736379
2024,Mersin,2,Old-metropolitan,0.44739897106432064,0.438473733202672,0.6987013584938633,0.8384202859167537,0.6057485871694024
2008,Hatay,1,New-metropolitan (2012),0.2234817846224055,0.39521269241590007,0.5977012197075493,0.7702729668794586,0.49666716590632837
2010,Hatay,1,New-metropolitan (2012),0.19415266109220464,0.38802193654809924,0.6791644271713146,0.7124457185997461,0.49344618585284117
2012,Hatay,1,New-metropolitan (2012),0.18924254959838083,0.3696730752514811,0.7406165773686586,0.6839712309044,0.4958758582807301
2014,Hatay,1,New-metropolitan (2012),0.1870263021122649,0.35051100675574043,0.7313757181628786,0.6730587911514747,0.48549295454558966
2016,Hatay,1,New-metropolitan (2012),0.19424189749987697,0.3392624347904649,0.5844820259898649,0.5999272267156461,0.4294783962489632
2018,Hatay,1,New-metropolitan (2012),0.1793403265201265,0.3260292778060012,0.3140058725019713,0.7945036068159992,0.40346977091102454
2020,Hatay,1,New-metropolitan (2012),0.19452366106135294,0.3179640635234226,0.31597881940757455,0.4470085013423043,0.3188687613336636
2022,Hatay,1,New-metropolitan (2012),0.19484623778730104,0.30313827015256206,0.31746838208500294,0.7111014559661964,0.3816385864977656
2024,Hatay,1,New-metropolitan (2012),0.18351221512175495,0.30870505667340764,0.32091021629058236,0.7318036035359046,0.38623277290541236
2008,Kahramanmaraş,1,New-metropolitan (2012),0.2589640865965597,0.33870929054622667,0.6552366517007135,0.5900435494809069,0.4607383945811017
2010,Kahramanmaraş,1,New-metropolitan (2012),0.26153121098338566,0.35364301236406687,0.6750936836435446,0.5753351791019573,0.46640077152323856
2012,Kahramanmaraş,1,New-metropolitan (2012),0.25217240686813364,0.32788865423341423,0.7503594576661283,0.5630506598337712,0.47336779465036183
2014,Kahramanmaraş,1,New-metropolitan (2012),0.26592595069718433,0.3201164350652183,0.6359000691432979,0.613299375723573,0.45881045765731837
2016,Kahramanmaraş,1,New-metropolitan (2012),0.2611157948199801,0.304135304711851,0.7394584101647896,0.5024624408946486,0.4517929876478174
2018,Kahramanmaraş,1,New-metropolitan (2012),0.2673895392430249,0.29727393609516867,0.7016688607348589,0.7185986847827551,0.49623275521395194
2020,Kahramanmaraş,1,New-metropolitan (2012),0.28947562435396695,0.30715481230540626,0.6839345465657605,0.6528840915886467,0.4833622687034451
2022,Kahramanmaraş,1,New-metropolitan (2012),0.29042135326501445,0.29791789313560807,0.6076373942514488,0.7139790659701697,0.47748892665556025
2024,Kahramanmaraş,1,New-metropolitan (2012),0.2731619195388734,0.2938901375111579,0.711383375226268,0.7464128029969553,0.5062120588183137
2008,Osmaniye,0,Non-metropolitan,0.3068074407784947,0.34418746195266187,0.7787117395984717,0.556712232098571,0.4966047186070498
2010,Osmaniye,0,Non-metropolitan,0.32634122726787884,0.3435707138515548,0.7764107261373197,0.5134930701539571,0.4899539343526776
2012,Osmaniye,0,Non-metropolitan,0.27372717482371023,0.314836363394628,0.8029182997814306,0.5961825435656956,0.4969160953913661
2014,Osmaniye,0,Non-metropolitan,0.25091695593010166,0.2974322550132772,0.6912737507747551,0.6001569585063866,0.4599449800561301
2016,Osmaniye,0,Non-metropolitan,0.24966755531474605,0.2938730827626639,0.692216298663818,0.5200024607414231,0.43893984937066277
2018,Osmaniye,0,Non-metropolitan,0.24001758567093426,0.3121301328178504,0.8071717920204657,0.6651491453707224,0.5061171639699932
2020,Osmaniye,0,Non-metropolitan,0.2401882680937149,0.2891673703288083,0.80922921899544,0.656052888335981,0.4986594364384861
2022,Osmaniye,0,Non-metropolitan,0.26598477976221246,0.3044637341894832,0.8758682822467964,0.7324672726395489,0.5446960172095102
2024,Osmaniye,0,Non-metropolitan,0.2576968554001375,0.3011898487146828,0.8433310448634144,0.6994840939719934,0.525425460737557
2008,Kırıkkale,0,Non-metropolitan,0.19856999336639167,0.23083046454675182,0.33033803852493626,0.7744314528597669,0.38354248732446167
2010,Kırıkkale,0,Non-metropolitan,0.2470059572649676,0.2207871172941752,0.33813935007683005,0.6535835391586022,0.36487899094864373
2012,Kırıkkale,0,Non-metropolitan,0.24154428177908224,0.22576035749401852,1.0,0.662404493768179,0.5324272832603199
2014,Kırıkkale,0,Non-metropolitan,0.24156299447063437,0.18873052587364256,0.8289575813893868,0.5824056385936078,0.46041418508181786
2016,Kırıkkale,0,Non-metropolitan,0.2447760110619316,0.17880012861447706,0.8447193175788089,0.571633181742796,0.45998215974950335
2018,Kırıkkale,0,Non-metropolitan,0.26717311783615943,0.23165260799468518,0.8635729257091749,0.7199204302420308,0.5205797704455126
2020,Kırıkkale,0,Non-metropolitan,0.2593277165814732,0.24587777834783875,0.8286271480907694,0.5166491950656331,0.4626204595214286
2022,Kırıkkale,0,Non-metropolitan,0.2759751172008191,0.2594402980152978,0.8929216271123307,0.2547752411306835,0.4207780708647827
2024,Kırıkkale,0,Non-metropolitan,0.25336895552631467,0.27121448687851524,0.8908075311595232,0.0,0.35384774339108827
2008,Aksaray,0,Non-metropolitan,0.42480651667650104,0.3163411115754509,0.6197592276441037,0.6305994286724883,0.497876571142136
2010,Aksaray,0,Non-metropolitan,0.4311867784667006,0.30109794977324494,0.6029104785608344,0.37827223601888404,0.42836686070491603
2012,Aksaray,0,Non-metropolitan,0.42664138057327194,0.31078730881387634,0.6754095340156262,0.32080042803089115,0.43340966285841637
2014,Aksaray,0,Non-metropolitan,0.4683271550969276,0.27551346077243366,0.7109126970408481,0.3297137481463355,0.44611676526413624
2016,Aksaray,0,Non-metropolitan,0.4778011894979746,0.2949052383715026,0.7807637078218566,0.12863728142424513,0.42052685427889475
2018,Aksaray,0,Non-metropolitan,0.4915571376810491,0.31689614778381675,0.7303726944540938,0.44023777351794446,0.494765938359226
2020,Aksaray,0,Non-metropolitan,0.49722153995130897,0.3214293763321773,0.7591013652171192,0.26927854117982597,0.4617577056701079
2022,Aksaray,0,Non-metropolitan,0.5062076666155628,0.351593706905831,0.9012336615627512,0.47716693322720205,0.5590504920778367
2024,Aksaray,0,Non-metropolitan,0.5027663064815993,0.36025570061584905,0.8896922726848193,0.1744506330501121,0.48179122820809495
2008,Niğde,0,Non-metropolitan,0.3669904672942613,0.3216911465252907,0.3313095740949924,0.4248994004889488,0.3612226471008733
2010,Niğde,0,Non-metropolitan,0.3795462916718487,0.3305524012805819,0.5607060119959382,0.38956675781730876,0.4150928656914194
2012,Niğde,0,Non-metropolitan,0.3857124573215632,0.3262694544390175,0.5886530431250027,0.36639137804311206,0.41675658323217385
2014,Niğde,0,Non-metropolitan,0.36518409631241766,0.3146775491784121,0.7229094934802256,0.3351559402966743,0.43448176981693243
2016,Niğde,0,Non-metropolitan,0.39556194321100735,0.3269815340775516,0.8013482650503961,0.17409592204632762,0.4244969160963207
2018,Niğde,0,Non-metropolitan,0.3874043561476222,0.3307199411893998,0.7605306607860594,0.4248951409339833,0.4758875247642662
2020,Niğde,0,Non-metropolitan,0.3920918770992996,0.3455617648346575,0.7208153883130903,0.18660995824748505,0.4112697471236332
2022,Niğde,0,Non-metropolitan,0.3898996394450741,0.336638666626056,0.8458882064865737,0.4654216148811252,0.5094620318597073
2024,Niğde,0,Non-metropolitan,0.4021980707795011,0.36185092017863607,0.8021942506204223,0.29847887920442007,0.4661805301957449
2008,Nevşehir,0,Non-metropolitan,0.3642415501797819,0.39604440505413707,0.42596730719740383,0.6404161940253326,0.4566673641141638
2010,Nevşehir,0,Non-metropolitan,0.39622469185501263,0.5307906569346852,0.5081968093506206,0.30736140447156135,0.43564339065297
2012,Nevşehir,0,Non-metropolitan,0.38141536524810793,0.49097064291543785,0.5324428191903605,0.34153706068742895,0.43659147201033377
2014,Nevşehir,0,Non-metropolitan,0.3579246226767937,0.5088116039142269,0.5662275892089623,0.4884840246454303,0.4803619601113533
2016,Nevşehir,0,Non-metropolitan,0.38386881468714734,0.5024156228306984,0.7601163104416605,0.36181175857062997,0.5020531266325341
2018,Nevşehir,0,Non-metropolitan,0.3610445281335217,0.507478424755603,0.7992620724431474,0.525732911570669,0.5483794842257352
2020,Nevşehir,0,Non-metropolitan,0.3833865842143536,0.510580814578126,0.8346995400617543,0.5092429142441017,0.5594774632745839
2022,Nevşehir,0,Non-metropolitan,0.3864593686572225,0.5046095846434392,0.8422604346192196,0.5720255268114274,0.5763387286828272
2024,Nevşehir,0,Non-metropolitan,0.39746928977029894,0.5163309946110903,0.7406590834939883,0.5005667009322889,0.5387565172019166
2008,Kırşehir,0,Non-metropolitan,0.3564304171425909,0.265571849689324,0.33918738890340805,0.5734587584239602,0.3836621035398208
2010,Kırşehir,0,Non-metropolitan,0.4072603753254259,0.2987073815816636,0.5025112178812855,0.3681805137504497,0.39416487213470613
2012,Kırşehir,0,Non-metropolitan,0.38718899985016925,0.24284103955352396,0.06496616642467634,0.4210050033038577,0.27900030228305683
2014,Kırşehir,0,Non-metropolitan,0.36227772573803746,0.23520178048105128,0.6789360009460306,0.32995807247151265,0.401593394909158
2016,Kırşehir,0,Non-metropolitan,0.38182421265192834,0.20448865881377637,0.7373599507194528,0.20361331899096502,0.3818215352940306
2018,Kırşehir,0,Non-metropolitan,0.37207347858861695,0.29742788143370263,0.7834789207164916,0.532190768119868,0.4962927622146698
2020,Kırşehir,0,Non-metropolitan,0.405522620226448,0.33994175138767513,0.7398229726060084,0.3743059548435492,0.4648983247659202
2022,Kırşehir,0,Non-metropolitan,0.3943495170875416,0.3515592553389545,0.8192500032369254,0.49379026033505635,0.5147372589996195
2024,Kırşehir,0,Non-metropolitan,0.37588873895664754,0.3428473396469145,0.7617431447020315,0.4230253454223011,0.4758761421819736
2008,Kayseri,2,Old-metropolitan,0.29017542045536043,0.24162301925438778,0.44673656731329037,0.8618343426856464,0.46009233742717126
2010,Kayseri,2,Old-metropolitan,0.29855425232579313,0.2535958966681668,0.4488863443277792,0.8021767236218921,0.45080330423590775
2012,Kayseri,2,Old-metropolitan,0.2896818920010532,0.27767874492377903,0.6247527663500421,0.78649352155269,0.4946517312068911
2014,Kayseri,2,Old-metropolitan,0.2853893920390885,0.27882440445779855,0.6701547791875975,0.7253551432612728,0.4899309297364393
2016,Kayseri,2,Old-metropolitan,0.2960137457481084,0.2911712512930224,0.6870090961006585,0.7645506798055633,0.5096861932368382
2018,Kayseri,2,Old-metropolitan,0.2978260096393971,0.30503624283398023,0.6315667361871382,0.8045570885212503,0.5097465192954415
2020,Kayseri,2,Old-metropolitan,0.3050087327253499,0.31598470304718973,0.6536282507139974,0.788906230479697,0.5158819792415585
2022,Kayseri,2,Old-metropolitan,0.2889937983137529,0.31516605139480736,0.6666444926167419,0.8113570965316274,0.5205403597142324
2024,Kayseri,2,Old-metropolitan,0.3325718424213718,0.3285039119035592,0.7279960555882449,0.7725981248748428,0.5404174836970047
2008,Sivas,0,Non-metropolitan,0.31929909103938287,0.24310985425517212,0.503258156348908,0.7179560312668216,0.44590578322757113
2010,Sivas,0,Non-metropolitan,0.40273896186780656,0.17023859389720813,0.6673883980145605,0.6376412820834568,0.469501808965758
2012,Sivas,0,Non-metropolitan,0.3571575901168085,0.16569618837240302,0.6172817545541696,0.68640591608933,0.4566353622831778
2014,Sivas,0,Non-metropolitan,0.34969954066646963,0.17271211102480924,0.728457181629333,0.6012367496691398,0.4630263957474379
2016,Sivas,0,Non-metropolitan,0.3657430451600923,0.17057880128565378,0.6748733341556159,0.5021641915299118,0.4283398430328184
2018,Sivas,0,Non-metropolitan,0.34825585118140434,0.18675704149084166,0.7613102964051035,0.6743726791499642,0.4926739670568284
2020,Sivas,0,Non-metropolitan,0.3635445987606287,0.19901472796333503,0.7513312799618792,0.5036933902274341,0.45439599922831925
2022,Sivas,0,Non-metropolitan,0.36422420886828577,0.2124736201051709,0.5946593885684345,0.6133725407803856,0.4461824395805692
2024,Sivas,0,Non-metropolitan,0.3863853140955157,0.2426012467478289,0.8097416602055081,0.5293395006731232,0.492016930430494
2008,Yozgat,0,Non-metropolitan,0.4034229806526909,0.24215177363873278,0.5695340772260825,0.5988181396479679,0.45348174279136855
2010,Yozgat,0,Non-metropolitan,0.4352254589530681,0.2367772895285209,0.7370297737671997,0.3690981323683328,0.44453266365428035
2012,Yozgat,0,Non-metropolitan,0.41761061791918924,0.22967488625027577,0.6803262103992292,0.43227756708619636,0.4399723204137226
2014,Yozgat,0,Non-metropolitan,0.4140528651408989,0.28956812384580044,0.753266604906724,0.33759527761150354,0.4486207178762317
2016,Yozgat,0,Non-metropolitan,0.4295099936359887,0.2885698014793582,0.7312201170938637,0.1205025535292763,0.3924506164346217
2018,Yozgat,0,Non-metropolitan,0.4075515464892905,0.2978226823963789,0.7970056933483785,0.4124230546608021,0.47870074422371245
2020,Yozgat,0,Non-metropolitan,0.42244706014561095,0.3225479246435095,0.7889679954141726,0.2750358818519544,0.4522497155138119
2022,Yozgat,0,Non-metropolitan,0.39388436295903906,0.30748997298590336,0.7912687235648098,0.3611570556450917,0.463450028788711
2024,Yozgat,0,Non-metropolitan,0.4071575183030294,0.32123878147394874,0.813826431894841,0.0,0.38555568291795483
2008,Zonguldak,0,Non-metropolitan,0.06488268202356988,0.2553138838887794,0.782434718774536,0.9811561888937219,0.5209468683951518
2010,Zonguldak,0,Non-metropolitan,0.06785455022034792,0.25276191712033047,0.8372940155013839,0.9698852724414443,0.5319489388208767
2012,Zonguldak,0,Non-metropolitan,0.08866220346837925,0.2515204660289206,0.750126761512583,0.9707173953931587,0.5152567066007604
2014,Zonguldak,0,Non-metropolitan,0.08967984909271597,0.24971607870366688,0.7436848746201798,0.9669141540664237,0.5124987391207466
2016,Zonguldak,0,Non-metropolitan,0.08341593552429866,0.2467938846135067,0.8710443969189652,0.9591842535782747,0.5401096176587613
2018,Zonguldak,0,Non-metropolitan,0.08522120695217396,0.24544306638506094,0.8702836257379357,0.9790378579252746,0.5449964392501113
2020,Zonguldak,0,Non-metropolitan,0.06536109684633319,0.24446784323283993,0.9065808388918879,0.9671843089195185,0.5458985219726449
2022,Zonguldak,0,Non-metropolitan,0.06122038525795612,0.2379854879857013,0.9519493802372068,0.972819714883417,0.5559937420910703
2024,Zonguldak,0,Non-metropolitan,0.06225200967456374,0.23452230121930087,0.9067027600455456,0.9667463045599359,0.5425558438748366
2008,Karabük,0,Non-metropolitan,0.11808624964072897,0.21284640689137496,0.7770271030887311,0.9682382028872841,0.5190494906270298
2010,Karabük,0,Non-metropolitan,0.14392212618126515,0.21030354296473336,0.7783523484343235,0.9793752521660186,0.5279883174365851
2012,Karabük,0,Non-metropolitan,0.13184325961443744,0.21186457166045575,0.824281529208486,0.9800792884572166,0.537017162235149
2014,Karabük,0,Non-metropolitan,0.13441937905974974,0.21359080614862438,0.7491396597214397,0.973120422153766,0.517567566770895
2016,Karabük,0,Non-metropolitan,0.11492489917953175,0.20623633349465081,0.7708456565470756,0.9721656812097146,0.5160431426077432
2018,Karabük,0,Non-metropolitan,0.09736597780230415,0.2069370686745864,0.7133372931938596,0.8537194246889412,0.4678399410899229
2020,Karabük,0,Non-metropolitan,0.12514233427082824,0.21371079677449667,0.7034206643498127,0.9778989658780451,0.5050431903182957
2022,Karabük,0,Non-metropolitan,0.13474030472387807,0.21123292854491438,1.0,0.9765260383129213,0.5806248178954285
2024,Karabük,0,Non-metropolitan,0.13811550153153976,0.20935656930429802,0.9622052490494675,0.9784190679141093,0.5720240969498536
2008,Bartın,0,Non-metropolitan,0.37355484986007836,0.30530842664994484,0.8866414726870099,0.9186225259221319,0.6210318187797912
2010,Bartın,0,Non-metropolitan,0.37942958493682066,0.3003326616377463,0.804741999568218,0.922952092327388,0.6018640846175433
2012,Bartın,0,Non-metropolitan,0.3847405059776635,0.305769357040407,0.8115666679517705,0.9277036751006962,0.6074450515176343
2014,Bartın,0,Non-metropolitan,0.3485221387664757,0.30666697202737137,0.9255500415250959,0.929702099944429,0.627610313065843
2016,Bartın,0,Non-metropolitan,0.33097902966072,0.2938726538823284,0.7625734865040497,0.932316254322762,0.579935356092465
2018,Bartın,0,Non-metropolitan,0.32830942244217326,0.2908886560331559,0.6878660635690736,0.9463412341928258,0.5633513440593072
2020,Bartın,0,Non-metropolitan,0.33363054533250514,0.2853746397503781,0.6691998332402955,0.9302127285662758,0.5546044367223637
2022,Bartın,0,Non-metropolitan,0.3305977760265734,0.28383783500110255,0.7323616437988794,0.9754648069734645,0.580565515450005
2024,Bartın,0,Non-metropolitan,0.30491723455166303,0.2743232447907544,0.7589956470179812,0.9783863211808725,0.5791556118853178
2008,Kastamonu,0,Non-metropolitan,0.29909893289327255,0.34255977570865487,0.6741337527336562,0.7760375575651031,0.5229575047251717
2010,Kastamonu,0,Non-metropolitan,0.2848183538852858,0.31137974438251204,0.7078941415520394,0.7409253028794343,0.511254385674818
2012,Kastamonu,0,Non-metropolitan,0.24198985137889972,0.303161436630987,0.6466586378943747,0.8221156480895776,0.5034813934984598
2014,Kastamonu,0,Non-metropolitan,0.27324902354394653,0.2902893679299304,0.6961289462074352,0.8101299097238521,0.5174493118512911
2016,Kastamonu,0,Non-metropolitan,0.2592465476771127,0.2922309013623282,0.9630152740372915,0.807477147903513,0.5804924677450614
2018,Kastamonu,0,Non-metropolitan,0.267846668906818,0.2925795279628182,0.9316602389654904,0.8291545408330201,0.5803102441670367
2020,Kastamonu,0,Non-metropolitan,0.2988740977187473,0.29604518084930787,0.979834426229665,0.7988939184821992,0.5934119058199798
2022,Kastamonu,0,Non-metropolitan,0.28341181077403915,0.29183852157081747,1.0,0.8716903298429002,0.6117351655469392
2024,Kastamonu,0,Non-metropolitan,0.29763854589644506,0.28941298124468795,0.9944664751093185,0.8346884055117041,0.6040516019405389
2008,Çankırı,0,Non-metropolitan,0.30278561847846425,0.33562414662916795,0.7559666626375685,0.7062644704617732,0.5251602245517435
2010,Çankırı,0,Non-metropolitan,0.31144660653053285,0.3163406805086238,0.7551383231939579,0.5786007681354206,0.49038159459213376
2012,Çankırı,0,Non-metropolitan,0.2751767035633835,0.30450867137088905,0.6551632696829126,0.6501243832712285,0.4712432569721034
2014,Çankırı,0,Non-metropolitan,0.296163553009209,0.3040984923585842,0.714351734422407,0.6326320588090022,0.48681145964980055
2016,Çankırı,0,Non-metropolitan,0.3008611716276551,0.2969060460526548,0.6508408871667628,0.5500969112006647,0.44967625401193434
2018,Çankırı,0,Non-metropolitan,0.2598291619806861,0.25411780044459337,0.7532157223200605,0.7067648240942299,0.49348187720989245
2020,Çankırı,0,Non-metropolitan,0.27429772749441916,0.26468808945505434,0.7544960501949758,0.63461945187612,0.48202532975514234
2022,Çankırı,0,Non-metropolitan,0.3027821930328671,0.319290435139708,0.6978581254976975,0.7073991772733488,0.5068324827359054
2024,Çankırı,0,Non-metropolitan,0.3018217363865116,0.3204886448448515,0.8592550800479052,0.7134976538476832,0.5487657787817379
2008,Sinop,0,Non-metropolitan,0.21210811728451137,0.2854024854193406,0.7630520413616357,0.9031931022502163,0.540938936578926
2010,Sinop,0,Non-metropolitan,0.2654863699837221,0.2669666812310908,0.7268821280151871,0.8784134417831353,0.5344371552532838
2012,Sinop,0,Non-metropolitan,0.2717493946328357,0.26026596373646405,0.7422874893196307,0.9089770619293149,0.5458199774045613
2014,Sinop,0,Non-metropolitan,0.26162067956979085,0.24682350253375934,0.8427672147341904,0.8883220646373775,0.5598833653687796
2016,Sinop,0,Non-metropolitan,0.24776732730585324,0.24923386207107887,0.845159167549921,0.8988828012732792,0.5602607895500331
2018,Sinop,0,Non-metropolitan,0.2336112234476438,0.24730137342467265,0.8384514967382215,0.8951688508071657,0.5536332361044259
2020,Sinop,0,Non-metropolitan,0.23364465318367736,0.24737739476554393,0.8331031004761854,0.9046044540806222,0.5546824006265072
2022,Sinop,0,Non-metropolitan,0.22838956026441545,0.239491448217652,0.9088542921877781,0.9557190908018092,0.5831135978679136
2024,Sinop,0,Non-metropolitan,0.23913852121115878,0.22051092981456208,0.8863072716908276,0.9414011135682298,0.5718394590711946
2008,Samsun,2,Old-metropolitan,0.3157433753405705,0.4194907886097419,0.7701412155779129,0.7513713164406273,0.5641866739922131
2010,Samsun,2,Old-metropolitan,0.3457491556342984,0.422295602731355,0.7752532181995279,0.7826197940811107,0.581479442661573
2012,Samsun,2,Old-metropolitan,0.34454838525550313,0.41317385352889546,0.7652992658070782,0.7558833603347834,0.569726216231565
2014,Samsun,2,Old-metropolitan,0.34110435374359477,0.3999139901341606,0.7225745558908712,0.7676510243280208,0.5578109810241618
2016,Samsun,2,Old-metropolitan,0.33413963014730763,0.37630272938595477,0.5487194669389572,0.7364806360007372,0.49891061561823924
2018,Samsun,2,Old-metropolitan,0.2592511341217851,0.32520367212837265,0.7380806188539549,0.7812283065806437,0.525940932921189
2020,Samsun,2,Old-metropolitan,0.2627146498403855,0.3137472341631998,0.7962650635198953,0.6848628101648195,0.514397439422075
2022,Samsun,2,Old-metropolitan,0.27598748346044377,0.3096951616419794,0.8132957161611587,0.8238458324068753,0.5557060484176143
2024,Samsun,2,Old-metropolitan,0.26634767238879475,0.3009027738572708,0.8138179419773435,0.744465302163356,0.5313834225966912
2008,Tokat,0,Non-metropolitan,0.34041309754250554,0.42174322537040004,0.6569981205431423,0.7238546042008355,0.5357522619142209
2010,Tokat,0,Non-metropolitan,0.34085750582705904,0.4036304407870513,0.6005818311633884,0.7067284533816043,0.5129495577897758
2012,Tokat,0,Non-metropolitan,0.31671487032344975,0.3988736346837621,0.5336358716449014,0.7354752664301678,0.4961749107705703
2014,Tokat,0,Non-metropolitan,0.3067314472686766,0.38617847875943123,0.9069943959054865,0.7424119523966228,0.5855790685825544
2016,Tokat,0,Non-metropolitan,0.3412444212881145,0.37008820486446875,0.7974697256084646,0.6999745634859852,0.5521942288117583
2018,Tokat,0,Non-metropolitan,0.34459432529731004,0.36187795319796595,0.7673992165884258,0.761026809543233,0.5587245761567337
2020,Tokat,0,Non-metropolitan,0.3630889311302667,0.3639417110207919,0.8241201688494555,0.7318187603324315,0.5707423928332365
2022,Tokat,0,Non-metropolitan,0.3511936529001242,0.34068107693656896,0.8615204789377402,0.7662592737156619,0.5799136206225238
2024,Tokat,0,Non-metropolitan,0.35533657375361516,0.3410311014635222,0.8330911229073924,0.7685618378174561,0.5745051589854965
2008,Çorum,0,Non-metropolitan,0.3089521618069141,0.34301358083566297,0.6952968157562682,0.6254727996493823,0.4931838395120569
2010,Çorum,0,Non-metropolitan,0.3324175477803196,0.2703809757339049,0.7143562721468257,0.5177434250325054,0.45872455517338895
2012,Çorum,0,Non-metropolitan,0.29710417207491163,0.26610693808261043,0.690237174214133,0.581364188094285,0.45870311811648506
2014,Çorum,0,Non-metropolitan,0.2861204319658151,0.2677428762489301,0.7402547263841043,0.5630444272579634,0.46429061546420325
2016,Çorum,0,Non-metropolitan,0.3178241011511641,0.28210417189680426,0.7923904029784627,0.4737714520143872,0.4665225320102046
2018,Çorum,0,Non-metropolitan,0.31661330376960745,0.29657540824668716,0.8330524682777728,0.6294677257606613,0.5189272265136822
2020,Çorum,0,Non-metropolitan,0.3296532085597777,0.32901133102116686,0.8909658607577564,0.47375196871375247,0.5058455922631133
2022,Çorum,0,Non-metropolitan,0.34381238992972374,0.3458445518807478,0.940845037417355,0.6006485483417812,0.557787631892402
2024,Çorum,0,Non-metropolitan,0.33770507230949837,0.3573823892175647,0.9027460020577527,0.5300200845007734,0.5319633870213973
2008,Amasya,0,Non-metropolitan,0.3898556479900905,0.5012132077288005,0.4472350247218323,0.7448686237677997,0.5207931260521308
2010,Amasya,0,Non-metropolitan,0.43110728354278627,0.46906762691642073,0.5564705270639885,0.6811518939468861,0.5344493328675204
2012,Amasya,0,Non-metropolitan,0.4655125950043576,0.4759041813314283,0.7188459604945274,0.3795857305383189,0.5099621168421581
2014,Amasya,0,Non-metropolitan,0.47792767362355876,0.41759980210977277,0.8489254064524404,0.623058978593972,0.591877965194936
2016,Amasya,0,Non-metropolitan,0.564404952634206,0.40553009371717225,0.8592096740610284,0.5668497999710767,0.5989986300958708
2018,Amasya,0,Non-metropolitan,0.53941327026607,0.38922631253649315,0.8629667522494296,0.7078629965267053,0.6248673328946744
2020,Amasya,0,Non-metropolitan,0.5539392765246709,0.4124216044961095,0.8815145959053002,0.6153777401382508,0.6158133042660828
2022,Amasya,0,Non-metropolitan,0.5384440233580157,0.3821622435015743,0.7815590931392432,0.7115171887657682,0.6034206371911504
2024,Amasya,0,Non-metropolitan,0.4707818950089415,0.38158735397184934,0.7684658655437766,0.583029611625576,0.5509661815375358
2008,Trabzon,1,New-metropolitan (2012),0.09703565781745584,0.28117721728637896,0.9198205694836856,0.8961773998180995,0.548552711101405
2010,Trabzon,1,New-metropolitan (2012),0.08295005810303355,0.28178356112995084,0.9239234358499033,0.9242977666842895,0.5532387054417943
2012,Trabzon,1,New-metropolitan (2012),0.07201262042101804,0.27897518305450136,0.9078513339673161,0.9081390479860244,0.5417445463572149
2014,Trabzon,1,New-metropolitan (2012),0.03894867172425269,0.27436675880595024,0.8585467157828679,0.9224740376896854,0.5235840460006891
2016,Trabzon,1,New-metropolitan (2012),0.03546096863065754,0.270424775736093,0.7834812286806518,0.9116421672606934,0.5002522850770239
2018,Trabzon,1,New-metropolitan (2012),0.03315682440539859,0.26461197837908135,0.7893797606439649,0.9277146448912521,0.5037158020799242
2020,Trabzon,1,New-metropolitan (2012),0.031323529728243066,0.26227021502669,0.8423358020483488,0.9423635109894726,0.5195732644481885
2022,Trabzon,1,New-metropolitan (2012),0.04759544515984421,0.26053529365840633,0.900805426753708,0.9671772173678702,0.5440283457349572
2024,Trabzon,1,New-metropolitan (2012),0.0452738104086127,0.26031977810597023,0.8753471642037465,0.9407150129012348,0.5304139414048911
2008,Ordu,1,New-metropolitan (2012),0.07281403590360686,0.40898485710970844,0.9115520671887287,0.8052217371293136,0.5496431743328394
2010,Ordu,1,New-metropolitan (2012),0.05046110059921765,0.3829440764601563,0.8876111502853831,0.8462641308393237,0.5418201145460202
2012,Ordu,1,New-metropolitan (2012),0.04009299864640913,0.3816954467593572,0.9443734736314349,0.8213815665835074,0.5468858714051772
2014,Ordu,1,New-metropolitan (2012),0.031572467189746045,0.37314999145622535,0.8603371147618399,0.8530751689246212,0.5295336855831081
2016,Ordu,1,New-metropolitan (2012),0.024003546429016174,0.35761836384559037,0.7800804305855935,0.801144002450836,0.490711585827759
2018,Ordu,1,New-metropolitan (2012),0.024631869053170885,0.35299121215269325,0.7327326219176871,0.8234035220547347,0.48343980629457145
2020,Ordu,1,New-metropolitan (2012),0.03319009032170806,0.34825099521678027,0.799697416569128,0.7815339598328558,0.490668115485118
2022,Ordu,1,New-metropolitan (2012),0.034153826997409764,0.3394835897357701,0.8781379553228849,0.9200619774313273,0.542959337371848
2024,Ordu,1,New-metropolitan (2012),0.03368666981736855,0.3383658901760238,0.8615706999409289,0.8741714777088766,0.5269486844107995
2008,Giresun,0,Non-metropolitan,0.06766317470061006,0.38419912221682323,1.0,0.7891658604026749,0.560257039330027
2010,Giresun,0,Non-metropolitan,0.05887142748438144,0.38698266472687626,0.9407392432507802,0.8108816761251594,0.5493687528967993
2012,Giresun,0,Non-metropolitan,0.04766151333259119,0.3760310095695122,0.8267635135509903,0.8191009658507733,0.5173892505759667
2014,Giresun,0,Non-metropolitan,0.04002874214825484,0.3561700848254452,0.8806029868971874,0.8263343540601336,0.5257840419827553
2016,Giresun,0,Non-metropolitan,0.04354943585393681,0.344382884680821,0.8363900667006798,0.8147827522361549,0.5097762848678982
2018,Giresun,0,Non-metropolitan,0.04199283228042511,0.33631921280650384,0.9135810702860094,0.8274411230338214,0.5298335596016899
2020,Giresun,0,Non-metropolitan,0.04341094404845685,0.3308364782215437,0.9354785611508439,0.8248572023458485,0.5336457964416732
2022,Giresun,0,Non-metropolitan,0.05058176038931768,0.32477541029488244,0.9706072280496963,0.9362127346250734,0.5705442833397425
2024,Giresun,0,Non-metropolitan,0.054876478790780996,0.32129129944271617,0.9297891254545202,0.8591990411824311,0.5412889862176121
2008,Rize,0,Non-metropolitan,0.0007780266755199092,0.31415089846049143,0.8194697212191009,0.6093096838196363,0.4359270825436871
2010,Rize,0,Non-metropolitan,0.0,0.30829120569191704,0.9333926039070837,0.499867748296265,0.43538788947381646
2012,Rize,0,Non-metropolitan,0.0,0.2980401988183887,0.9396968016760816,0.5014572383682001,0.4347985597156676
2014,Rize,0,Non-metropolitan,0.0,0.2937185307328578,0.8647735526897868,0.5362644017504072,0.42368912129326297
2016,Rize,0,Non-metropolitan,0.0,0.2886039400984907,0.766218237345742,0.48296918741999684,0.3844478412160574
2018,Rize,0,Non-metropolitan,0.0,0.287985655804391,0.7845888751552295,0.5576453941185952,0.4075549812695539
2020,Rize,0,Non-metropolitan,0.0,0.28337632111887173,0.8127437437752769,0.38649156999321976,0.3706529087218421
2022,Rize,0,Non-metropolitan,0.0,0.27816787265791215,0.9907340391386387,0.7172801820580244,0.4965455234636438
2024,Rize,0,Non-metropolitan,0.0,0.2774598999041199,0.9685123579468161,0.5803735814207251,0.4565864598179153
2008,Artvin,0,Non-metropolitan,0.18555572842832943,0.3489665868264804,0.914248340781587,0.9577432255078645,0.6016284703860654
2010,Artvin,0,Non-metropolitan,0.16476557363588312,0.3346174137647041,0.9594205087122814,0.8792847379018068,0.5845220585036689
2012,Artvin,0,Non-metropolitan,0.11965210808831643,0.2968787638845873,0.9755129285362392,0.8813027360681939,0.5683366341443342
2014,Artvin,0,Non-metropolitan,0.0856826086490441,0.27362428190569876,0.9377310886904185,0.8968445038715717,0.5484706207791833
2016,Artvin,0,Non-metropolitan,0.07206043479839618,0.26849343048997854,0.8932596827431203,0.7735316386318809,0.501836296665844
2018,Artvin,0,Non-metropolitan,0.07078968467439276,0.26892972485989,0.8882400447632646,0.6432744468183169,0.4678084752789661
2020,Artvin,0,Non-metropolitan,0.06992135429141419,0.27004539289108936,0.7568577054200818,0.9101437170405116,0.5017420424107742
2022,Artvin,0,Non-metropolitan,0.09787858937778438,0.26892693765911513,0.7690456807109868,0.7844211940577986,0.48006810045142123
2024,Artvin,0,Non-metropolitan,0.07648757302923746,0.2649282313264712,0.7299063679015132,0.7145622846714101,0.446471114232158
2008,Gümüşhane,0,Non-metropolitan,0.270837800947841,0.25406212620010515,0.9340557358054381,0.915531663186129,0.5936218315348782
2010,Gümüşhane,0,Non-metropolitan,0.28043612927592276,0.23144301046310828,0.9086542025983101,0.9385104709906888,0.5897609533320074
2012,Gümüşhane,0,Non-metropolitan,0.26449563594774167,0.21926694445115064,0.8554893700329832,0.9468158574654777,0.5715169519743383
2014,Gümüşhane,0,Non-metropolitan,0.2391399364179929,0.23916824440490775,0.8946394450513271,0.9405966285111341,0.5783860635963405
2016,Gümüşhane,0,Non-metropolitan,0.25170190746573734,0.23203226389050222,0.8034635232636643,0.9305460269431737,0.5544359303907693
2018,Gümüşhane,0,Non-metropolitan,0.24469831426137573,0.1999952269074644,0.9429203655388139,0.9521548762561513,0.5849421957409513
2020,Gümüşhane,0,Non-metropolitan,0.2843246881853548,0.21405850445493213,1.0,0.9318973050125579,0.6075701244132112
2022,Gümüşhane,0,Non-metropolitan,0.2897744729885109,0.2104648620150015,1.0,0.9519750848371111,0.6130536049601558
2024,Gümüşhane,0,Non-metropolitan,0.3113580141297034,0.23188731201899024,1.0,0.9472955733938369,0.6226352248856326
2008,Erzurum,2,Old-metropolitan,0.26984466128913065,0.2233870143586661,0.5564699136014779,0.9155159836171337,0.49130439321660213
2010,Erzurum,2,Old-metropolitan,0.346211729937965,0.22074407532614057,0.6470330005465363,0.880694566519675,0.5236708430825792
2012,Erzurum,2,Old-metropolitan,0.3244021828625786,0.23527218511385145,0.6416455830543788,0.8906178732545512,0.52298445607134
2014,Erzurum,2,Old-metropolitan,0.33617935581293384,0.22643244715656258,0.7613577658071142,0.8877495154664335,0.552929771060761
2016,Erzurum,2,Old-metropolitan,0.3296588886586783,0.22400546818020106,0.7155910141400916,0.845757585385474,0.5287532390911112
2018,Erzurum,2,Old-metropolitan,0.336920000259423,0.2280202430556563,0.7148629570031835,0.8742866461300971,0.5385224616120899
2020,Erzurum,2,Old-metropolitan,0.3447984316159148,0.2351164479067312,0.683932547725083,0.8631204800405421,0.5317419768220677
2022,Erzurum,2,Old-metropolitan,0.4114026565901435,0.29662078701794414,0.7018285312552652,0.8846669973110752,0.573629743043607
2024,Erzurum,2,Old-metropolitan,0.3969124118843898,0.29222428352607005,0.7248402766114732,0.8374927698926093,0.5628674354786356
2008,Erzincan,0,Non-metropolitan,0.3455228947266391,0.3042716785235354,0.5501547152983799,0.8061394542721979,0.5015221857051881
2010,Erzincan,0,Non-metropolitan,0.3705385544173689,0.2806834917264669,0.5530342887589275,0.7785809624994289,0.49570932435054804
2012,Erzincan,0,Non-metropolitan,0.35319438308616197,0.31040015482393807,0.5541985144576577,0.8294316984736054,0.5118061877103408
2014,Erzincan,0,Non-metropolitan,0.34035875303239105,0.3001439338257269,0.5168315820704097,0.8062508562303053,0.4908962812897082
2016,Erzincan,0,Non-metropolitan,0.36151415817463617,0.2866576963705566,0.5185215119942203,0.7478878696163912,0.4786453090389511
2018,Erzincan,0,Non-metropolitan,0.34413274703985725,0.27201074279251725,0.6263399674961554,0.8135744122438311,0.5140144673930902
2020,Erzincan,0,Non-metropolitan,0.3808686139533437,0.2814883159843165,0.7377869695809227,0.8244078574051886,0.5561379392309429
2022,Erzincan,0,Non-metropolitan,0.38786075722375185,0.2755831592797281,0.7908128522390403,0.8290863180172898,0.5708357716899526
2024,Erzincan,0,Non-metropolitan,0.3935352142709041,0.2608434700844381,0.7814752982182334,0.7814739258407326,0.5543319771035771
2008,Bayburt,0,Non-metropolitan,0.40494654181791073,0.1990878405908631,0.7592162720347138,0.8808442870609073,0.5610237353760987
2010,Bayburt,0,Non-metropolitan,0.416758756600702,0.372415731891255,0.7425136470615072,0.8113751059750413,0.5857658103821264
2012,Bayburt,0,Non-metropolitan,0.4575631498917969,0.25443953771805133,0.8282290140355071,0.8035187476436317,0.5859376123222467
2014,Bayburt,0,Non-metropolitan,0.45884000283348453,0.30355112191298383,0.7898911354997522,0.8063363461163942,0.5896546515906537
2016,Bayburt,0,Non-metropolitan,0.4675063784754298,0.32073688322946314,0.9585439398722161,0.7876350497297093,0.6336055628267045
2018,Bayburt,0,Non-metropolitan,0.5025678349289858,0.3487930177706176,0.9578013623317464,0.7681264299076953,0.6443221612347613
2020,Bayburt,0,Non-metropolitan,0.5030958832617468,0.3426048891361446,0.8611761660798422,0.7656224248650076,0.6181248408356853
2022,Bayburt,0,Non-metropolitan,0.5015201401821743,0.3732950485628735,0.8900817439504298,0.8503027385780051,0.6537999178183707
2024,Bayburt,0,Non-metropolitan,0.5015303772671741,0.37014410352915866,0.9093992917785073,0.7765599610756997,0.639408433412635
2008,Ağrı,0,Non-metropolitan,0.30778103084970815,0.2605737084403247,0.679099516038048,0.8684814520867048,0.5289839268536964
2010,Ağrı,0,Non-metropolitan,0.4229495174248659,0.24527071977554565,0.5714637887595672,0.8799377093992091,0.5299054338397969
2012,Ağrı,0,Non-metropolitan,0.35485597838919375,0.21627061753674476,0.4662506706626409,0.8648401899039128,0.475554364123123
2014,Ağrı,0,Non-metropolitan,0.33919221827860463,0.22439176777150385,0.46639576893618584,0.9059298271017816,0.483977395522019
2016,Ağrı,0,Non-metropolitan,0.35340355204909807,0.215057604373205,0.4768387684119031,0.8266881410261766,0.46799701646509567
2018,Ağrı,0,Non-metropolitan,0.3341050259266889,0.20953281996228967,0.46517657059195017,0.8615432580569338,0.4675894186344656
2020,Ağrı,0,Non-metropolitan,0.32870303106194365,0.22114403972948865,0.4017281898642442,0.8686742439327417,0.45506237614710454
2022,Ağrı,0,Non-metropolitan,0.3367914212583098,0.2885945418809791,0.4127214268659163,0.88458799078661,0.48067384519795375
2024,Ağrı,0,Non-metropolitan,0.3223489340537805,0.2984023467917932,0.5237705271986379,0.7794292823533766,0.48098777259939707
2008,Kars,0,Non-metropolitan,0.30108288047292453,0.2981495125138457,0.6995765927241725,0.7756594013420773,0.5186170967632551
2010,Kars,0,Non-metropolitan,0.3095318549332302,0.32745573145040463,0.658441429924856,0.7768438131743622,0.5180682073707132
2012,Kars,0,Non-metropolitan,0.32848374492737953,0.2004140155240841,0.5201903095018295,0.7578607720939277,0.4517372105118052
2014,Kars,0,Non-metropolitan,0.3062675388058536,0.36849430249318993,0.6655646040544121,0.7574016817072549,0.5244320317651776
2016,Kars,0,Non-metropolitan,0.3013863952940709,0.3556620912461414,0.6121115040101888,0.727976337999543,0.499284082137486
2018,Kars,0,Non-metropolitan,0.3148749506109813,0.3613224685452894,0.6364338151229346,0.8035144623940909,0.5290364241683241
2020,Kars,0,Non-metropolitan,0.31724445932288053,0.3614955167689964,0.5497633839222653,0.8026459047553772,0.5077873161923798
2022,Kars,0,Non-metropolitan,0.2883962267109062,0.3672737801764963,0.5244663144116728,0.8939032797835078,0.5185099002706458
2024,Kars,0,Non-metropolitan,0.3448915937561642,0.38163481523369,0.7740379415813933,0.8162463269935887,0.579202669391209
2008,Iğdır,0,Non-metropolitan,0.35782736480537763,0.3301659832493944,0.5973369809768925,0.900058246082004,0.5463471437784171
2010,Iğdır,0,Non-metropolitan,0.37631476482484105,0.30296491081077603,0.556858231649852,0.8671676946226772,0.5258264004770365
2012,Iğdır,0,Non-metropolitan,0.400818984403678,0.3844359466789923,0.3677286469656056,0.8602452909729953,0.5033072172553178
2014,Iğdır,0,Non-metropolitan,0.3950352646634274,0.3805517962700652,0.5306371114458197,0.8899227377288493,0.5490367275270405
2016,Iğdır,0,Non-metropolitan,0.4006863802576909,0.4097288673439074,0.48657730544035016,0.7863704892133521,0.5208407605638251
2018,Iğdır,0,Non-metropolitan,0.5029823093133988,0.333958749700758,0.6491329070638854,0.7562245469329989,0.5605746282527603
2020,Iğdır,0,Non-metropolitan,0.5031459911407937,0.3193688847042188,0.6669530275692193,0.7147141223013467,0.5510455064288946
2022,Iğdır,0,Non-metropolitan,0.48321721664944917,0.36441033357019914,0.7134409181947512,0.8270785143734005,0.59703674569695
2024,Iğdır,0,Non-metropolitan,0.4493264955606081,0.3628026133778227,0.8016478220338839,0.8001674765446748,0.6034861018792473
2008,Ardahan,0,Non-metropolitan,0.2588924387968233,0.29822204587472634,0.9957370031817689,0.9420189862022899,0.6237176185139022
2010,Ardahan,0,Non-metropolitan,0.203604874059013,0.29222914746911133,0.9188177051875996,0.9299860686350466,0.5861594488376927
2012,Ardahan,0,Non-metropolitan,0.23444535107132453,0.32398627927332707,0.8093439583083669,0.9257186918375654,0.573373570122646
2014,Ardahan,0,Non-metropolitan,0.1023600818450598,0.21711130962040212,0.855788201352472,0.9110792216730103,0.521584703622736
2016,Ardahan,0,Non-metropolitan,0.11858654564446384,0.240380922881915,0.8190594621028948,0.9055060378453925,0.5208832421186665
2018,Ardahan,0,Non-metropolitan,0.14916308456795024,0.2537859785792632,0.8528595842871408,0.9303791119089058,0.5465469398358149
2020,Ardahan,0,Non-metropolitan,0.2673722367914349,0.2829983539960572,0.7967556843018924,0.9451748079322522,0.5730752707554092
2022,Ardahan,0,Non-metropolitan,0.4037430152735181,0.3441178993324962,0.8301553683652564,0.9580495989555409,0.6340164704817028
2024,Ardahan,0,Non-metropolitan,0.38444982602206085,0.35968966773380584,0.8209738383596195,0.9591379425131885,0.6310628186571687
2008,Malatya,1,New-metropolitan (2012),0.10877303068390279,0.2913421880219934,0.3507076686257201,0.87082893613322,0.40541295586620907
2010,Malatya,1,New-metropolitan (2012),0.15744994702930717,0.2913458203765318,0.6262512906534128,0.8198126006694079,0.47371491468216487
2012,Malatya,1,New-metropolitan (2012),0.15078435327831133,0.29256003727595326,0.6363034688630722,0.8791018877734453,0.48968743679769555
2014,Malatya,1,New-metropolitan (2012),0.13543550527662124,0.2853673639712803,0.5679994198527277,0.8758291573551289,0.4661578616139396
2016,Malatya,1,New-metropolitan (2012),0.15826941837632985,0.28691742241881035,0.6406181145060745,0.807657469965654,0.4733656063167172
2018,Malatya,1,New-metropolitan (2012),0.1752993973444986,0.2807697394798748,0.6162809632232524,0.8864619703279304,0.48970301759388907
2020,Malatya,1,New-metropolitan (2012),0.20776068888887406,0.2869895893300455,0.6556095578251243,0.8662022240879033,0.5041405150329867
2022,Malatya,1,New-metropolitan (2012),0.18476691067560402,0.2802085538279327,0.8143892426275342,0.8902493710312257,0.5424035195405742
2024,Malatya,1,New-metropolitan (2012),0.19360940501216706,0.2875919909355202,0.795044206518726,0.8573954628931841,0.5334102663398994
2008,Elazığ,0,Non-metropolitan,0.22447620828751713,0.29180866277841877,0.6666186732971782,0.8623331984861415,0.511309185712314
2010,Elazığ,0,Non-metropolitan,0.209333532412796,0.29509437037480285,0.4460107293402362,0.8645493970811575,0.45374700730224815
2012,Elazığ,0,Non-metropolitan,0.2012678571559903,0.30271834170586165,0.24206360235446478,0.8673149083593813,0.4033411773939245
2014,Elazığ,0,Non-metropolitan,0.1837012913490854,0.29404707390169416,0.29732226062629874,0.8607673778040064,0.40895950092027117
2016,Elazığ,0,Non-metropolitan,0.19999003339444105,0.28225874589615596,0.33258617406563373,0.8399749033739519,0.41370246418254564
2018,Elazığ,0,Non-metropolitan,0.22291947108127239,0.280568837659099,0.7706774072241975,0.8753101625577709,0.537368969630585
2020,Elazığ,0,Non-metropolitan,0.25506795246406755,0.28690078845756684,0.7970515947218941,0.8387206261225608,0.5444352404415224
2022,Elazığ,0,Non-metropolitan,0.24066802752973654,0.28676396551791844,0.8183650799609041,0.8882746447987719,0.5585179294518328
2024,Elazığ,0,Non-metropolitan,0.24343140313615502,0.29654669554305063,0.8170459192005318,0.860315703237407,0.5543349302792862
2008,Bingöl,0,Non-metropolitan,0.2468913879583876,0.2531295010861759,0.5529536459037041,0.9825348109632718,0.5088773364778848
2010,Bingöl,0,Non-metropolitan,0.25924417631941205,0.25343418379612004,0.5552748915106837,0.9815223504727697,0.5123689005247463
2012,Bingöl,0,Non-metropolitan,0.22832700218833638,0.24670392712941752,0.5934447853037141,0.991227821651893,0.5149258840683403
2014,Bingöl,0,Non-metropolitan,0.2461350362533012,0.23810889292102355,0.6464203677964989,0.9926696388842244,0.5308334839637621
2016,Bingöl,0,Non-metropolitan,0.2302843398059701,0.2336201193856215,0.8052344293949689,0.9810625297322644,0.5625503545797063
2018,Bingöl,0,Non-metropolitan,0.24235159610304674,0.2296551888775698,0.9213987920497204,0.9924310292341991,0.5964591515661339
2020,Bingöl,0,Non-metropolitan,0.2515776691254509,0.2295389838654392,0.9845269998667624,0.9861461938179873,0.6129474616689099
2022,Bingöl,0,Non-metropolitan,0.3598880935318484,0.25762619251170527,1.0,0.9944018234565458,0.6529790273750249
2024,Bingöl,0,Non-metropolitan,0.4908138513178803,0.30444689824830445,0.9560949039847004,0.9904094692002696,0.6854412806877888
2008,Tunceli,0,Non-metropolitan,0.20028198911628653,0.12417308966394716,0.7097320702572365,0.9429769452085714,0.4942910235615104
2010,Tunceli,0,Non-metropolitan,0.235844888239745,0.26142664239291286,0.7403264243869834,0.9160924591375808,0.5384226035393055
2012,Tunceli,0,Non-metropolitan,0.2051119143877217,0.23184587910885757,0.8575320119447188,0.9418098374609992,0.5590749107255744
2014,Tunceli,0,Non-metropolitan,0.188622416148566,0.1941861664525235,0.870910033677836,0.9271589628164179,0.5452193947738359
2016,Tunceli,0,Non-metropolitan,0.2018153000603675,0.18362936059027465,0.9042391200541801,0.8783173618883373,0.54200028564829
2018,Tunceli,0,Non-metropolitan,0.20061504377003186,0.21837877357314728,0.9159405918090727,0.9209161192732535,0.5639626321063763
2020,Tunceli,0,Non-metropolitan,0.20733576816598995,0.2357166796992071,0.8877784777996606,0.9357846977769202,0.5666539058604445
2022,Tunceli,0,Non-metropolitan,0.19500325997743004,0.23443070605503752,0.8735122354003539,0.951523719911189,0.5636174803360026
2024,Tunceli,0,Non-metropolitan,0.17435638529211023,0.23520685136378963,0.867185017106055,0.8564790715452091,0.533306831326791
2008,Van,1,New-metropolitan (2012),0.2699299074650578,0.24442789152441263,0.6003256890011371,0.9729418942881994,0.5219063455697017
2010,Van,1,New-metropolitan (2012),0.2822114026706391,0.24698606773497978,0.5303913218351022,0.9735004327561797,0.5082723062492251
2012,Van,1,New-metropolitan (2012),0.272501866603203,0.21964367950044122,0.28125589185482014,0.9757934164091623,0.43729871359190664
2014,Van,1,New-metropolitan (2012),0.23846385283204113,0.2211932838615253,0.12412853737699625,0.9797809153944106,0.3908916473662433
2016,Van,1,New-metropolitan (2012),0.3656274863297999,0.226800922977135,0.16959226379774417,0.9661744023861771,0.43204876887271404
2018,Van,1,New-metropolitan (2012),0.32026616545086367,0.2170825016314462,0.0,0.970965095998588,0.37707844077022445
2020,Van,1,New-metropolitan (2012),0.3012014401745299,0.22684894145064619,0.0,0.9627358557147996,0.3726965593349939
2022,Van,1,New-metropolitan (2012),0.30635236218983264,0.25288669690199383,0.36805530562343836,0.9849779736406168,0.47806808458897043
2024,Van,1,New-metropolitan (2012),0.2995886052421888,0.2573663916343953,0.40178142731320887,0.9769729673942777,0.48392734789601766
2008,Muş,0,Non-metropolitan,0.39207018771229696,0.3485913546904832,0.8826410961044937,0.8468502304019079,0.6175382172272954
2010,Muş,0,Non-metropolitan,0.4958176592650765,0.36064911075779826,0.8620925680155288,0.7474270248667285,0.6164965907262829
2012,Muş,0,Non-metropolitan,0.46361563516492577,0.395991167091045,0.7969241860602708,0.8052332476573792,0.6154410589934052
2014,Muş,0,Non-metropolitan,0.4732425232676772,0.33908008074911267,0.7923595814348792,0.7658327773161381,0.5926287406919518
2016,Muş,0,Non-metropolitan,0.46297171700252554,0.34346952199655445,0.843110187825528,0.64830348041903,0.5744637268109095
2018,Muş,0,Non-metropolitan,0.4663316757974666,0.3696220168605876,0.8280394676817708,0.6718852999903377,0.5839696150825406
2020,Muş,0,Non-metropolitan,0.44121294804247313,0.34872840265345584,0.8456556328655409,0.646538651048046,0.570533908652379
2022,Muş,0,Non-metropolitan,0.43635432091873655,0.39024951288765364,0.7971950075292167,0.7892919119988908,0.6032726883336244
2024,Muş,0,Non-metropolitan,0.4418788361059215,0.44440663498970145,0.8132982868273226,0.5879729023519386,0.571889165068721
2008,Bitlis,0,Non-metropolitan,0.2710771319791017,0.23029572308468743,0.4205986521106537,0.8756683587875759,0.4494099664905047
2010,Bitlis,0,Non-metropolitan,0.31906853014703973,0.2857788275892857,0.555804597602696,0.7968998098045141,0.48938794128588387
2012,Bitlis,0,Non-metropolitan,0.3164396533988978,0.301438079614644,0.645617752504586,0.7963272311236326,0.51495567916044
2014,Bitlis,0,Non-metropolitan,0.34524544494929815,0.3276050271668803,0.7863480986217519,0.7434651043920415,0.5506659187824929
2016,Bitlis,0,Non-metropolitan,0.3319867868461787,0.32869756926544796,0.8166182462819676,0.7320842736314525,0.5523467190062616
2018,Bitlis,0,Non-metropolitan,0.30622617270947183,0.32202639972557506,0.8447607745062412,0.7948176053765021,0.5669577380794475
2020,Bitlis,0,Non-metropolitan,0.3645448444551186,0.339870082670186,0.8417424679321499,0.8062813585986621,0.5881096884140291
2022,Bitlis,0,Non-metropolitan,0.38277380551272566,0.3360596694388263,0.7826910144104297,0.8221239064072055,0.5809120989422967
2024,Bitlis,0,Non-metropolitan,0.38006415177227615,0.33938211212417746,0.7856043842731093,0.7679500545225164,0.5682501756730198
2008,Hakkari,0,Non-metropolitan,0.2653935341199661,0.3427379749464762,0.8465098711272911,1.0,0.6136603450484334
2010,Hakkari,0,Non-metropolitan,0.2838503282070327,0.3129452087702256,0.8504815495564922,0.9663798784101969,0.6034142412359869
2012,Hakkari,0,Non-metropolitan,0.26138276694354257,0.3036304002823524,0.9259900528499415,1.0,0.6227508050189591
2014,Hakkari,0,Non-metropolitan,0.2077713671575343,0.28084344954628965,0.7212076257815461,1.0,0.5524556106213425
2016,Hakkari,0,Non-metropolitan,0.20834977739496938,0.2772037786610166,0.7574408959100497,1.0,0.5607486129915089
2018,Hakkari,0,Non-metropolitan,0.200968212354393,0.2859688521093716,0.7764950233553226,0.91508426980756,0.5446290894066618
2020,Hakkari,0,Non-metropolitan,0.2286403591526061,0.28465373254662124,0.7740777002817907,1.0,0.5718429479952545
2022,Hakkari,0,Non-metropolitan,0.18207163450509262,0.2651548182899675,0.7608678354215216,1.0,0.5520235720541454
2024,Hakkari,0,Non-metropolitan,0.26416949038027865,0.25958206746975465,0.7440106256832203,1.0,0.5669405458833134
2008,Gaziantep,2,Old-metropolitan,0.11659049174647325,0.3200919407474891,0.6010490430205464,0.8682625081801905,0.47649849592367477
2010,Gaziantep,2,Old-metropolitan,0.1388722959597928,0.3121840140074169,0.6370018715693578,0.8561034081318919,0.48604039741711486
2012,Gaziantep,2,Old-metropolitan,0.1451829640837384,0.3314645373732378,0.5478283745990161,0.8602964841437222,0.47119309004992865
2014,Gaziantep,2,Old-metropolitan,0.11026697287563772,0.31668951852002014,0.5338310425683417,0.890285477276233,0.4627682528100581
2016,Gaziantep,2,Old-metropolitan,0.1057489447461849,0.3095472664000086,0.517178026011643,0.8608092613845406,0.4483208746355943
2018,Gaziantep,2,Old-metropolitan,0.1354677988143149,0.3075900451147353,0.5411764475150432,0.9170931212755876,0.47533185317992027
2020,Gaziantep,2,Old-metropolitan,0.14866437811307348,0.3038518595433536,0.5781408806918132,0.8600373320470447,0.47267361259882124
2022,Gaziantep,2,Old-metropolitan,0.13479901387051393,0.30132635165161975,0.6086586978335161,0.8957818698260636,0.48514148329542833
2024,Gaziantep,2,Old-metropolitan,0.13158426839785042,0.296864615340904,0.5892752682270557,0.8886909107730923,0.47660376568472557
2008,Adıyaman,0,Non-metropolitan,0.22196629593870396,0.4145979702902216,0.5235349208030109,0.6806171111674931,0.4601790745498574
2010,Adıyaman,0,Non-metropolitan,0.242287826089228,0.3994139380237803,0.6435108207480704,0.6526943620715853,0.484476736733166
2012,Adıyaman,0,Non-metropolitan,0.248010874909494,0.3895112831223261,0.6347473822200567,0.567936743134642,0.4600515708466297
2014,Adıyaman,0,Non-metropolitan,0.24852106245499023,0.38597652289328643,0.6586673200555955,0.5559406385489019,0.4622763859881935
2016,Adıyaman,0,Non-metropolitan,0.23856737290654378,0.38067126020212516,0.650517727589329,0.5058717430923234,0.44390702594758036
2018,Adıyaman,0,Non-metropolitan,0.2219875926236823,0.3610692478103433,0.6775041938168096,0.7194443917306951,0.49500135649538257
2020,Adıyaman,0,Non-metropolitan,0.22032477622267396,0.36435398170065664,0.6824196390929479,0.621706368920582,0.4722011914842151
2022,Adıyaman,0,Non-metropolitan,0.2068517392308069,0.35256111178743293,0.68836236389175,0.7598802841719736,0.5019138747704909
2024,Adıyaman,0,Non-metropolitan,0.20906836526438577,0.3410887461898436,0.6761786109146317,0.7973087729962941,0.5059111238412888
2008,Kilis,0,Non-metropolitan,0.1103725372258137,0.6884490620743711,0.6438434082807891,0.7051728022225998,0.5369594524508934
2010,Kilis,0,Non-metropolitan,0.20372846345159887,0.7052660192982605,0.5828880714320259,0.5903072622121059,0.5205474540984978
2012,Kilis,0,Non-metropolitan,0.2661556841375158,0.5860145345081631,0.0,0.5819529753323696,0.3585307984945121
2014,Kilis,0,Non-metropolitan,0.14848324655656747,0.6470116886602236,0.6055998323278782,0.5153423144181606,0.47910927049070745
2016,Kilis,0,Non-metropolitan,0.2188554864355526,0.6309758489243648,0.3123365369989327,0.31120690008126295,0.3683436931100283
2018,Kilis,0,Non-metropolitan,0.24368026329934594,0.5712266448880543,0.5242577781875755,0.525751620487346,0.46622907671558045
2020,Kilis,0,Non-metropolitan,0.25616949216937523,0.5614412210011355,0.1843093719761535,0.8394729268324451,0.46034825299477733
2022,Kilis,0,Non-metropolitan,0.2443649536624554,0.5553516785373904,0.21556995834099746,0.9045443181063993,0.4799577271618106
2024,Kilis,0,Non-metropolitan,0.2428342087909137,0.539671845756664,0.4264898534865824,0.9178746826399852,0.5317176476685364
2008,Şanlıurfa,1,New-metropolitan (2012),0.3123218039757893,0.4824624074603506,0.6929331956433022,0.15401448886814506,0.4104329739868968
2010,Şanlıurfa,1,New-metropolitan (2012),0.3560534808345872,0.47140726092424823,0.6215779462186917,0.0,0.3622596719943818
2012,Şanlıurfa,1,New-metropolitan (2012),0.36132323143714395,0.44331850628694414,0.47609225174817493,0.040038097851436305,0.3301930218309248
2014,Şanlıurfa,1,New-metropolitan (2012),0.34327558957284476,0.43510784721895107,0.20612411184915036,0.02865422002283724,0.2532904421659459
2016,Şanlıurfa,1,New-metropolitan (2012),0.3248067158997846,0.42251170475363226,0.10078701510054333,0.0,0.21202635893849006
2018,Şanlıurfa,1,New-metropolitan (2012),0.31557362202238365,0.4268066376330748,0.4510765340075005,0.3201317672061086,0.3783971402172669
2020,Şanlıurfa,1,New-metropolitan (2012),0.3460101278159182,0.3730316108591084,0.4416970543869001,0.0,0.29018469826548166
2022,Şanlıurfa,1,New-metropolitan (2012),0.31588446812371646,0.3695779504031077,0.6704825593384744,0.07612982520263767,0.35801870076698405
2024,Şanlıurfa,1,New-metropolitan (2012),0.32390616216494394,0.4160674824017779,0.6704675648392331,0.13446562215887725,0.38622670789120805
2008,Diyarbakır,2,Old-metropolitan,0.19074159101629015,0.39655074501189624,0.4372152067369943,0.595071663292263,0.4048948015143609
2010,Diyarbakır,2,Old-metropolitan,0.28112775729836476,0.3962756152076396,0.4240830797233618,0.49310864610972904,0.39864877458477377
2012,Diyarbakır,2,Old-metropolitan,0.27759295710380655,0.38289226049585406,0.2641713998213744,0.37934099934946286,0.32599940419262446
2014,Diyarbakır,2,Old-metropolitan,0.2753677241244657,0.3655404334138137,0.22297181761111917,0.3821940172765733,0.31151849810649296
2016,Diyarbakır,2,Old-metropolitan,0.27453843060018734,0.34802909931536885,0.18478007704980393,0.30796722400864995,0.27882870774350255
2018,Diyarbakır,2,Old-metropolitan,0.2534301799756796,0.3327770859525049,0.22944371751165082,0.4954274600241081,0.3277696108659859
2020,Diyarbakır,2,Old-metropolitan,0.26224877763625803,0.31691164947361034,0.27826709195991683,0.4001287897185577,0.31438907719708575
2022,Diyarbakır,2,Old-metropolitan,0.2321891373936438,0.30712031725014766,0.31569209741548454,0.5219543657123438,0.34423897944290494
2024,Diyarbakır,2,Old-metropolitan,0.2474711319689724,0.3028320491090878,0.3659981925212069,0.3502004550684584,0.31662545716693136
2008,Mardin,1,New-metropolitan (2012),0.27373468333732015,0.3644211733494297,0.452166071171886,0.4214707892960695,0.3779481792886763
2010,Mardin,1,New-metropolitan (2012),0.33272327971725246,0.4762756887409522,0.5564238224351854,0.18348520229547916,0.3872269982972173
2012,Mardin,1,New-metropolitan (2012),0.3450524547840655,0.44849122953017595,0.5035334895361798,0.17651090965075356,0.3683970208752937
2014,Mardin,1,New-metropolitan (2012),0.3476833739884055,0.44398402102910495,0.0,0.14153718548697847,0.2333011451261222
2016,Mardin,1,New-metropolitan (2012),0.32648394681500864,0.4186273525922461,0.5030958888727437,0.09458794786091673,0.3356987840352288
2018,Mardin,1,New-metropolitan (2012),0.29833825087434357,0.3933188989840689,0.5342500560280703,0.28358789086837144,0.37737377418871354
2020,Mardin,1,New-metropolitan (2012),0.2959760302167108,0.381703022990177,0.5752613835001963,0.25218689369133673,0.3762818325996052
2022,Mardin,1,New-metropolitan (2012),0.29711823572749013,0.38226467710234047,0.6994822886109364,0.35762575849579414,0.4341227399841403
2024,Mardin,1,New-metropolitan (2012),0.2799455386426755,0.3675427997728039,0.6483942557238749,0.4719559681763186,0.44195964057891823
2008,Batman,0,Non-metropolitan,0.11471817040239936,0.325904285654203,0.2987116738258747,0.6616911143010431,0.35025631104588006
2010,Batman,0,Non-metropolitan,0.2307644209392084,0.3521384741915915,0.43178143748014475,0.5068076368505128,0.38037299236536437
2012,Batman,0,Non-metropolitan,0.20723094031987327,0.3369246642910265,0.40679024968666,0.4117860891818609,0.3406829858698551
2014,Batman,0,Non-metropolitan,0.2224310893260173,0.33053465221676825,0.4828214147422477,0.46846290522032974,0.3760625153763408
2016,Batman,0,Non-metropolitan,0.19103322246432397,0.2990021918362193,0.19618049936670778,0.3420368481703079,0.25706319045938975
2018,Batman,0,Non-metropolitan,0.19001188167690672,0.29236878798262167,0.5123244573900487,0.513034686020902,0.3769349532676198
2020,Batman,0,Non-metropolitan,0.18344212994125533,0.2851680771781563,0.5607751810943296,0.43094922691666615,0.3650836537826018
2022,Batman,0,Non-metropolitan,0.17091702065359213,0.28122299495015346,0.5634498093316395,0.6121718819181922,0.40694042671339437
2024,Batman,0,Non-metropolitan,0.18526921513705213,0.2790016952836002,0.6331168404168118,0.5374067588035625,0.40869862741025664
2008,Şırnak,0,Non-metropolitan,0.2273575937825126,0.28449269632979324,0.08443240216483039,0.827215567053037,0.3558745648325433
2010,Şırnak,0,Non-metropolitan,0.28708941516641057,0.3224143833827902,0.0,0.70505004760036,0.3286384615373902
2012,Şırnak,0,Non-metropolitan,0.24413977953032454,0.2979739294428413,0.004491908509363318,0.6256378422845177,0.2930608649417617
2014,Şırnak,0,Non-metropolitan,0.2534587159863262,0.29758409659102364,0.10016853455574581,0.6456467000408761,0.3242145117934929
2016,Şırnak,0,Non-metropolitan,0.2217113006319343,0.2777256014522835,0.0,0.6881128715251008,0.29688744340232964
2018,Şırnak,0,Non-metropolitan,0.22623150166021272,0.28544899584547173,0.0,0.6175921175288418,0.28231815375863156
2020,Şırnak,0,Non-metropolitan,0.21371908908908385,0.27208583961594934,0.0,0.6883376236194252,0.2935356380811146
2022,Şırnak,0,Non-metropolitan,0.16637357682161347,0.26593315252959526,0.19685155638600238,0.8936159676372777,0.3806935633436222
2024,Şırnak,0,Non-metropolitan,0.19641716673219228,0.2760901910206427,0.1977302100031807,0.8510538938071499,0.3803228653907914
2008,Siirt,0,Non-metropolitan,0.1678378339570962,0.4765318299652151,0.48253383944048633,0.8578126535204695,0.4961790392208168
2010,Siirt,0,Non-metropolitan,0.2420303014954462,0.42477102442607767,0.4126815526547787,0.8114740353070833,0.47273922847084643
2012,Siirt,0,Non-metropolitan,0.2242870227238986,0.40344682694260153,0.4075790275877298,0.768660594641833,0.45099336797401574
2014,Siirt,0,Non-metropolitan,0.1919967556358257,0.36440790447538557,0.5128085799402361,0.6784869060368952,0.43692503652208564
2016,Siirt,0,Non-metropolitan,0.17648551238229004,0.3365719852315799,0.18017827142850773,0.6813968782390434,0.34365816182035525
2018,Siirt,0,Non-metropolitan,0.1629781427683816,0.34945248384023186,0.30319419221639665,0.0,0.20390620470625254
2020,Siirt,0,Non-metropolitan,0.16843853402548825,0.35693226989108373,0.5148554112440646,0.8183785303878108,0.46465118638711184
2022,Siirt,0,Non-metropolitan,0.17487856700620025,0.3483552292019133,0.7161435455358822,0.8395518471756518,0.5197322972299119
2024,Siirt,0,Non-metropolitan,0.20180636880237265,0.35793788025747514,0.6844923413098505,0.7937468916199895,0.509495870497422
