Year,Location_Name,Treated,Treated_Label,production,land_use,municipal_burden,external_input,market,FSOI
2008,Türkiye,3,Türkiye,0.2930736891965514,0.3189130974686568,0.5818223575626393,0.8016932771362896,0.39841780432416574,0.47878404513766054
2010,Türkiye,3,Türkiye,0.30882020897250717,0.31035120798604765,0.6096314160940525,0.7966668379420052,0.45562788988823616,0.49621951217656973
2012,Türkiye,3,Türkiye,0.30705575357906767,0.30701952734480714,0.6278153280458967,0.7960904528915191,0.44474316231824434,0.496544844835907
2014,Türkiye,3,Türkiye,0.3082115472827743,0.3030591991457982,0.6161863981569778,0.809365271467357,0.37199242515141734,0.48176296824086495
2016,Türkiye,3,Türkiye,0.31721461299678655,0.2994918452306369,0.5728121680664212,0.7682527335348591,0.3392961926342417,0.45941351049258916
2018,Türkiye,3,Türkiye,0.3195894679928946,0.2979278868634282,0.5869025636189071,0.7826075979249003,0.32474011177306084,0.4623535256346383
2020,Türkiye,3,Türkiye,0.3298708314399856,0.2967015357145798,0.6056941203724802,0.7357654211991782,0.3041596820604839,0.4544383181573415
2008,İstanbul,2,Old-metropolitan,0.010848679298987255,0.20216192614647563,0.5927697381647516,0.9893625948116183,0.0025489096189514338,0.3595383696081569
2010,İstanbul,2,Old-metropolitan,0.007524394283772423,0.2019094073862183,0.4806456128785845,0.9922156670146842,0.000370733949801048,0.3365331631026121
2012,İstanbul,2,Old-metropolitan,0.009083918370989756,0.20167910428591193,0.5639434429588166,0.9962666091624461,0.0,0.35419461495563287
2014,İstanbul,2,Old-metropolitan,0.0075949780654345125,0.20151049785827255,0.5761630702001301,0.9957066147757616,0.0,0.35619503217991977
2016,İstanbul,2,Old-metropolitan,0.007317846248564163,0.2013823838955739,0.5077692915579242,0.9855836019072508,0.0,0.3404106247218626
2018,İstanbul,2,Old-metropolitan,0.007140558561164853,0.20127788237378627,0.5377907241856438,0.9897284364542454,0.0,0.347187520314968
2020,İstanbul,2,Old-metropolitan,0.006777861952019198,0.20119540248360762,0.5766092074372595,0.994256175933486,0.0,0.3557677295612745
2008,Tekirdağ,1,New-metropolitan (2012),0.27370191633947216,0.3340015616118502,0.5568967523139463,0.7045437836418718,0.42105547344605965,0.45803989747064
2010,Tekirdağ,1,New-metropolitan (2012),0.2623156240298691,0.3237010649468296,0.5775567963681396,0.6923117396942171,0.4331963547443689,0.45781631595668487
2012,Tekirdağ,1,New-metropolitan (2012),0.2650043961254431,0.3007794730157939,0.6461643922844162,0.6989996486873652,0.35717189429199897,0.45362396088100343
2014,Tekirdağ,1,New-metropolitan (2012),0.2683731696100992,0.3001606055962035,0.670557806350969,0.7515180232649419,0.3349971623157009,0.46512135342758293
2016,Tekirdağ,1,New-metropolitan (2012),0.270029316070026,0.29937000742849074,0.572470469815126,0.6877412919215768,0.2598008423179688,0.4178823855106376
2018,Tekirdağ,1,New-metropolitan (2012),0.24744465116499936,0.29099052299903566,0.5708879103209938,0.7950469915971471,0.23546431889622776,0.42796687899568064
2020,Tekirdağ,1,New-metropolitan (2012),0.2525566262815756,0.28282666660401,0.6331887130664358,0.7366645924125956,0.21508148458841223,0.4240636165906058
2008,Edirne,0,Non-metropolitan,0.3622126676588342,0.4407640001689975,0.6796320366711988,0.397938670988237,0.6304831881891932,0.5022061127352921
2010,Edirne,0,Non-metropolitan,0.3711718217319845,0.42797615188910265,0.6723563000265427,0.35203483425997,0.6624679381977747,0.4972014092210749
2012,Edirne,0,Non-metropolitan,0.35032795612280976,0.39231589757608687,0.603056316936204,0.33884339298725746,0.5494127851098601,0.4467912697464437
2014,Edirne,0,Non-metropolitan,0.35552944389347924,0.380051640749154,0.6972203912200166,0.41230419549939606,0.539172691867866,0.47685567264598233
2016,Edirne,0,Non-metropolitan,0.3508952685186607,0.37553936732944493,0.7163761900134005,0.30745702812903375,0.45552539053384916,0.4411586489048777
2018,Edirne,0,Non-metropolitan,0.3413995811422057,0.36307333579060697,0.7902195040409306,0.44316590223113,0.4195235675057997,0.4714763781421346
2020,Edirne,0,Non-metropolitan,0.3430973471885777,0.353823290090682,0.7956172897990785,0.28877727854956536,0.42709778500497103,0.4416825981265749
2008,Kırklareli,0,Non-metropolitan,0.32248860913563987,0.36326911647571997,0.6291027000927886,0.7099200533561224,0.5160093304878726,0.5081579619096287
2010,Kırklareli,0,Non-metropolitan,0.3089282156595558,0.3572606000042314,0.703799617906317,0.6733568412065518,0.5653487566273291,0.521738806280797
2012,Kırklareli,0,Non-metropolitan,0.31649461246867217,0.31845139178067694,0.9084176649632842,0.6560324053083968,0.5528584443095728,0.5504509037661206
2014,Kırklareli,0,Non-metropolitan,0.33963166526497846,0.3374535358740792,0.8173390019588196,0.679333059934657,0.5210486690783945,0.5389611864221857
2016,Kırklareli,0,Non-metropolitan,0.3272455786458121,0.3331059910413402,0.7791824872421764,0.5784247654013353,0.39930034364007966,0.48345183319414875
2018,Kırklareli,0,Non-metropolitan,0.32626679795817276,0.3248108286417866,0.8161238234710612,0.698269255596744,0.38825078790826306,0.5107442987152055
2020,Kırklareli,0,Non-metropolitan,0.3378572703187877,0.32138967541486485,0.7955186393734127,0.5980070461374175,0.4039339125866989,0.4913413087662363
2008,Balıkesir,1,New-metropolitan (2012),0.24389856087953107,0.38104366953838886,0.7587086990264381,0.7330362011659022,0.6656053682287497,0.556458499767802
2010,Balıkesir,1,New-metropolitan (2012),0.23240247302037165,0.3564912133849204,0.7464271618050299,0.7426427128414255,0.7059715930969498,0.5567870308297393
2012,Balıkesir,1,New-metropolitan (2012),0.25244994329698783,0.35666764498961595,0.7300186095756697,0.8368280369758456,0.5008671677790071,0.5353662805234253
2014,Balıkesir,1,New-metropolitan (2012),0.2508374730747371,0.34042691652874213,0.6760989165444642,0.8506352413060949,0.4699017085141792,0.5175800511936435
2016,Balıkesir,1,New-metropolitan (2012),0.29763313445103934,0.334332434940596,0.5399589255838719,0.8128615934451917,0.39021046502144824,0.47499931068842943
2018,Balıkesir,1,New-metropolitan (2012),0.29595255598849607,0.32016054829478674,0.4896009625029105,0.8256765012082303,0.3452926414036701,0.45533664187961875
2020,Balıkesir,1,New-metropolitan (2012),0.30144135113211235,0.3226007857112062,0.5901070854469364,0.7482914461233761,0.33562465777752487,0.4596130652382312
2008,Çanakkale,0,Non-metropolitan,0.2639796447371691,0.41412480328218504,0.8407377207102734,0.7923306662387182,0.5694804380816973,0.5761306546100086
2010,Çanakkale,0,Non-metropolitan,0.3102520173774724,0.41684795595330015,0.8407669420576993,0.7722955650304826,0.6865157998080589,0.6053356560454027
2012,Çanakkale,0,Non-metropolitan,0.341226877221781,0.4169783861961248,0.8485754844087343,0.7721007142882428,0.6071521932359119,0.597206731070159
2014,Çanakkale,0,Non-metropolitan,0.34797008372907395,0.39924896084081063,0.8892999862056559,0.805779338391288,0.5282523678797822,0.5941101474093221
2016,Çanakkale,0,Non-metropolitan,0.35174435708595336,0.4020322199133016,0.8225017409547672,0.7423298982202929,0.470809344675686,0.5578835121700003
2018,Çanakkale,0,Non-metropolitan,0.3661779951608563,0.39893065514039844,0.7580876878951562,0.7845250404787086,0.4685136808418664,0.5552470119033972
2020,Çanakkale,0,Non-metropolitan,0.3904436306875473,0.4035031131786183,0.7520594153082485,0.7367636484191703,0.4491545979717879,0.5463848811130745
2008,İzmir,2,Old-metropolitan,0.19528764243066052,0.2680409553036772,0.7052266744696115,0.8234744769021747,0.31919036708500864,0.46224402323822644
2010,İzmir,2,Old-metropolitan,0.21275300036658726,0.2634406469195708,0.6210941739968345,0.8093783422330032,0.3666391358402872,0.4546610598712566
2012,İzmir,2,Old-metropolitan,0.21650866017865242,0.26369561621820486,0.6227695755635388,0.8544023860234072,0.2736476222766447,0.44620477205208964
2014,İzmir,2,Old-metropolitan,0.22642360412342893,0.26009774282991505,0.6814565754708881,0.8644437099596942,0.26051703566987666,0.45858773361076055
2016,İzmir,2,Old-metropolitan,0.21767974139682272,0.2558922996627585,0.6420841517045233,0.8525733764345285,0.21272892651991307,0.43619169914370926
2018,İzmir,2,Old-metropolitan,0.21865743170498234,0.25375443527823915,0.5830838302821881,0.8655367337372195,0.20344160771047393,0.4248948077426206
2020,İzmir,2,Old-metropolitan,0.22024016580142,0.2509756664186251,0.5526999067464929,0.8384389819611239,0.1785382200721326,0.4081785881999589
2008,Aydın,1,New-metropolitan (2012),0.27061820862336017,0.3984987831524939,0.6775269658355818,0.7896738835413135,0.49674443718145667,0.5266124556668412
2010,Aydın,1,New-metropolitan (2012),0.28874442105711096,0.3950004930331862,0.780061604214142,0.7764096247644614,0.5513808759713575,0.5583194038080517
2012,Aydın,1,New-metropolitan (2012),0.32667443594652545,0.38843296144284933,0.7707526952698925,0.8007530807262002,0.44762087528141326,0.5468468097333762
2014,Aydın,1,New-metropolitan (2012),0.33479222389057484,0.3798755046196214,0.6199298783572645,0.8081031368813988,0.40020986609941184,0.5085821219696542
2016,Aydın,1,New-metropolitan (2012),0.33724773358915977,0.37659901551105124,0.5374683407348357,0.7793567676519293,0.3463395824783366,0.4754022879930625
2018,Aydın,1,New-metropolitan (2012),0.34361722212264656,0.36267848050351603,0.6717150542232935,0.8057488053876674,0.3550305636989815,0.507758025187221
2020,Aydın,1,New-metropolitan (2012),0.35849127786066665,0.357641098367488,0.6779790140095915,0.7964281837477121,0.3186746278840857,0.5018428403739088
2008,Denizli,1,New-metropolitan (2012),0.24442089146082593,0.3538157632270172,0.657201432220141,0.8387386413724822,0.42816464567966367,0.5044682747920259
2010,Denizli,1,New-metropolitan (2012),0.2688302126394517,0.3502248245922244,0.7572245481157984,0.8227364274250968,0.5022883486291276,0.5402608722803398
2012,Denizli,1,New-metropolitan (2012),0.2849151527358946,0.3453742554575504,0.7083674044272357,0.8149741184062127,0.4687809844451411,0.524482383094407
2014,Denizli,1,New-metropolitan (2012),0.2908935130746873,0.3307153796558572,0.7134918102360228,0.8056617160763662,0.4034194797175523,0.5088363797520972
2016,Denizli,1,New-metropolitan (2012),0.2909931317404752,0.3251692642189338,0.613350060259789,0.7771304052825455,0.34685106493974294,0.4706987852882973
2018,Denizli,1,New-metropolitan (2012),0.2974513233927172,0.32045686077495417,0.6249559130426854,0.8159521255026241,0.35264186217788307,0.48229161697817274
2020,Denizli,1,New-metropolitan (2012),0.32533355547918835,0.3210015283553518,0.7193322240747433,0.7871985531086167,0.3387575970117962,0.49832469160593923
2008,Muğla,1,New-metropolitan (2012),0.4210300548317958,0.443838489300947,0.49048673696764783,0.8803418317456014,0.44946142636787423,0.5370317078427733
2010,Muğla,1,New-metropolitan (2012),0.45822084398779367,0.43509750557305926,0.5200424498934828,0.8779815257247946,0.5199941621002117,0.5622672974558685
2012,Muğla,1,New-metropolitan (2012),0.4797335071305889,0.41425177196910523,0.5129362132709692,0.8821892808971213,0.4554160399226886,0.5489053626380946
2014,Muğla,1,New-metropolitan (2012),0.48001864842518044,0.40780812636270775,0.3479148659454569,0.9019125879591972,0.3699305052595349,0.5015169467904154
2016,Muğla,1,New-metropolitan (2012),0.5069061544005907,0.3934087934049216,0.3682656440542941,0.8588207721311583,0.33887817554533245,0.4932559079072594
2018,Muğla,1,New-metropolitan (2012),0.5281820281489,0.3839475251582837,0.20254342431872446,0.9014903245726238,0.3359601651422062,0.4704246934681476
2020,Muğla,1,New-metropolitan (2012),0.550593965772741,0.36047890535672444,0.265358470649565,0.8692223950942073,0.30098034801659995,0.4693268169779675
2008,Manisa,1,New-metropolitan (2012),0.22525541395845258,0.4102922851754146,0.6842660559018972,0.6675734483111369,0.5410783578174055,0.5056931122328614
2010,Manisa,1,New-metropolitan (2012),0.19721066509045024,0.3907678240066807,0.7702045057428557,0.7186060239528032,0.5774026892470747,0.5308383416079729
2012,Manisa,1,New-metropolitan (2012),0.21532079085451353,0.39212545059243176,0.7627425135054542,0.6570536361060983,0.4002602843753503,0.4855005350867696
2014,Manisa,1,New-metropolitan (2012),0.2284008896293992,0.3858122280502597,0.6631178875143876,0.6503150179191319,0.41158331351928173,0.467845867326492
2016,Manisa,1,New-metropolitan (2012),0.22838706753174773,0.38466892310685724,0.5986303061333047,0.6121103209803078,0.3307771723387791,0.43091475801819923
2018,Manisa,1,New-metropolitan (2012),0.24165400412979837,0.37383053259535043,0.6885588146370878,0.6697737276970369,0.3121434872356311,0.457192113258981
2020,Manisa,1,New-metropolitan (2012),0.23455276191484645,0.3758029412126534,0.6263340631616237,0.6468411692111591,0.3139943857407849,0.43950506424821345
2008,Afyonkarahisar,0,Non-metropolitan,0.3537524552564337,0.3191202500370042,0.5397874882081677,0.6237078096283959,0.6769408375977819,0.5026617681455566
2010,Afyonkarahisar,0,Non-metropolitan,0.37675932548703445,0.33782742953272543,0.6020333530124432,0.651888766535528,0.7279270257310119,0.5392871800597485
2012,Afyonkarahisar,0,Non-metropolitan,0.3694849577889738,0.3254761447652513,0.6317930657033717,0.6361390301084602,0.5458925029817805,0.5017571402695674
2014,Afyonkarahisar,0,Non-metropolitan,0.39140760803874447,0.3196769299942107,0.7499965554648198,0.6220864323057687,0.6332987447967292,0.5432932541200545
2016,Afyonkarahisar,0,Non-metropolitan,0.40082144655317514,0.30962166851649287,0.8131800908089424,0.5708861940378346,0.46250761093411974,0.5114034021701129
2018,Afyonkarahisar,0,Non-metropolitan,0.4154900515530389,0.31475753626739106,0.7727727581129205,0.6148052702317179,0.48887919998130963,0.5213409632292756
2020,Afyonkarahisar,0,Non-metropolitan,0.4593016170145928,0.31265662219990636,0.8206997767866864,0.5280628687604559,0.47750851109678744,0.5196458791716858
2008,Kütahya,0,Non-metropolitan,0.29158241499247634,0.32024124221191963,0.5332784603154276,0.9066555066189275,0.428225900302317,0.4959967048882136
2010,Kütahya,0,Non-metropolitan,0.2659057778715609,0.30421066607039865,0.5703609566420149,0.8891298793840612,0.4968797898426332,0.5052974139621338
2012,Kütahya,0,Non-metropolitan,0.26408536132177884,0.3042553488676109,0.7394364775970477,0.8840500233536841,0.3946177705337545,0.5172889963347751
2014,Kütahya,0,Non-metropolitan,0.2802592105744951,0.3022611921103521,0.791437482613232,0.862533404294111,0.39063407659878985,0.525425073238196
2016,Kütahya,0,Non-metropolitan,0.2600856852392374,0.2996239583326573,0.8924813334472793,0.863555248832829,0.3180760586216449,0.5267644568947295
2018,Kütahya,0,Non-metropolitan,0.2953871877232633,0.2901954563679426,0.8874366461479155,0.8606459996487632,0.30926985469148677,0.5285870289158743
2020,Kütahya,0,Non-metropolitan,0.29831442703899597,0.28963882352876186,0.9158441516059173,0.772871825090466,0.28133975056913546,0.5116017955666552
2008,Uşak,0,Non-metropolitan,0.2750391888389151,0.3991319012576249,0.658692161118271,0.787281332407263,0.4807123515049068,0.5201713870253962
2010,Uşak,0,Non-metropolitan,0.305755660698915,0.3968913941422246,0.7545041677478972,0.7609461139018712,0.5931963622372495,0.5622587397456316
2012,Uşak,0,Non-metropolitan,0.297939801487097,0.3921818066552828,0.7807086219543012,0.7424479343307668,0.5076169032397173,0.544179013533433
2014,Uşak,0,Non-metropolitan,0.2884866992825493,0.38772701769765694,0.8365646002273006,0.7599551314292843,0.44754678945264054,0.5440560476178864
2016,Uşak,0,Non-metropolitan,0.28870104939598606,0.3765115231086339,0.7600985830967486,0.7576361089368711,0.42179841974908605,0.5209491368574651
2018,Uşak,0,Non-metropolitan,0.29511284359141554,0.36402127687481933,0.7814807917994735,0.814522236461857,0.3666011812272154,0.5243476659909561
2020,Uşak,0,Non-metropolitan,0.30342049558022155,0.36255370558633665,0.8218956875782526,0.7423077341205353,0.37435685232004695,0.5209068950370787
2008,Bursa,2,Old-metropolitan,0.1612957380776151,0.3010272484347277,0.6900885034673305,0.929492002218149,0.29758101720177005,0.4758969018799185
2010,Bursa,2,Old-metropolitan,0.16776235402669679,0.2871349016478105,0.7228771003345962,0.8689924832591303,0.2959641211899964,0.46854619209164594
2012,Bursa,2,Old-metropolitan,0.16145044965800237,0.2851266155447564,0.7702318714829588,0.8998060512725634,0.23107503557927203,0.46953800470751056
2014,Bursa,2,Old-metropolitan,0.18232094629938078,0.27753879226020256,0.7515355042432399,0.9139941508147671,0.22883745910300435,0.47084537054411896
2016,Bursa,2,Old-metropolitan,0.17224662609294084,0.27112933914929116,0.6631097689749053,0.8994234015907872,0.1708498688684663,0.4353518009352781
2018,Bursa,2,Old-metropolitan,0.19118178164250668,0.26899466170574177,0.6622128335513321,0.9181021261429922,0.18936623114846984,0.44597152683820857
2020,Bursa,2,Old-metropolitan,0.1831290454004965,0.26129508366185406,0.657906749939287,0.8889458334423479,0.16647564779204954,0.43155047204720703
2008,Eskişehir,2,Old-metropolitan,0.29724230036548266,0.2545041749239971,0.7325960157926741,0.7058851816476033,0.34275905820700187,0.4665973461873517
2010,Eskişehir,2,Old-metropolitan,0.2960672589287767,0.2751883101395705,0.7710383758078609,0.7325637451224969,0.39554947350477015,0.494081432700695
2012,Eskişehir,2,Old-metropolitan,0.319824912827475,0.2636977520567615,0.8436133318446353,0.7044658784001349,0.3097572657769953,0.48827182818120035
2014,Eskişehir,2,Old-metropolitan,0.3304440723109918,0.23791809369291803,0.8496900627839712,0.7086435270868355,0.2806180905786474,0.4814627692906727
2016,Eskişehir,2,Old-metropolitan,0.352262222804652,0.24486293905950024,0.7665305164910308,0.6705750029581659,0.26583386742231163,0.46001290974713205
2018,Eskişehir,2,Old-metropolitan,0.354525403131954,0.24831447718213492,0.8025048653091393,0.7061381725738921,0.24362155154651552,0.47102089394872726
2020,Eskişehir,2,Old-metropolitan,0.3873219110900769,0.2671136860359042,0.8107292009249287,0.6408878965617423,0.26110012639054375,0.4734305642006392
2008,Bilecik,0,Non-metropolitan,0.2967430039066134,0.4067468460089468,0.6800775569515847,0.877694219119173,0.5475750677713569,0.561767338751535
2010,Bilecik,0,Non-metropolitan,0.31613909299387993,0.3778937251991611,0.6724613993671062,0.8524487686125652,0.5284700734039897,0.5494826119153404
2012,Bilecik,0,Non-metropolitan,0.338680769119311,0.3897190038513344,0.7241219930820851,0.8835024120584618,0.40208242553469303,0.5476213207291771
2014,Bilecik,0,Non-metropolitan,0.3690309956478313,0.3935993851357615,0.7563764716178807,0.8761427203227872,0.3618080660865331,0.5513915277621588
2016,Bilecik,0,Non-metropolitan,0.34081461848218625,0.37911691392556107,0.8196613056800238,0.8616927850380003,0.2919370620001025,0.5386445370251748
2018,Bilecik,0,Non-metropolitan,0.332103869810706,0.37408291611059996,0.8387024681060812,0.8570515153918948,0.28461916137319604,0.5373119861584955
2020,Bilecik,0,Non-metropolitan,0.3401806715551357,0.36069259786497454,0.7791407021589714,0.8422322833160659,0.269475688853655,0.5183443887497605
2008,Kocaeli,2,Old-metropolitan,0.08997372041764774,0.22376380929855957,0.5342130499583504,0.9742230242069994,0.201850195205561,0.4048047598174236
2010,Kocaeli,2,Old-metropolitan,0.10097792637613211,0.2250114727321046,0.5050518220339293,0.9780243364667142,0.18891546082642488,0.39959620368706106
2012,Kocaeli,2,Old-metropolitan,0.08997206329094153,0.22205947730061829,0.536612487318414,0.9691484474759808,0.12122765759936964,0.38780402659706487
2014,Kocaeli,2,Old-metropolitan,0.09189485409359054,0.2190052688270019,0.5620469222982738,0.9780751408793709,0.09992007542077526,0.3901884523038025
2016,Kocaeli,2,Old-metropolitan,0.08740416380094772,0.21703761044865938,0.5451985116850461,0.9725444335780731,0.07415712195032435,0.3792683682926101
2018,Kocaeli,2,Old-metropolitan,0.08316231657810783,0.21590533542457419,0.5626478698925839,0.9799328211403736,0.05476097998538354,0.3792818646042046
2020,Kocaeli,2,Old-metropolitan,0.08390971879746528,0.215844593209159,0.5781744853347889,0.969576605391185,0.048856006930698415,0.3792722819326593
2008,Sakarya,2,Old-metropolitan,0.2754663598540584,0.33640517561880967,0.534384905037889,0.7777733678127801,0.538768035325255,0.4925595687297585
2010,Sakarya,2,Old-metropolitan,0.2668361081328885,0.3231056940459939,0.6071549661698786,0.8311084547841161,0.6542337989353482,0.5364878044136451
2012,Sakarya,2,Old-metropolitan,0.25972531338323407,0.31335166892070637,0.5415040722747559,0.7942557350828627,0.4063425244633308,0.46303586282497805
2014,Sakarya,2,Old-metropolitan,0.25773418893158584,0.3100683456560165,0.44332496006144123,0.817668609317858,0.3635173994869206,0.43846270069076443
2016,Sakarya,2,Old-metropolitan,0.24417378182374372,0.2996075892132091,0.31640151494933677,0.7790533075041868,0.2991237053608176,0.3876719797702588
2018,Sakarya,2,Old-metropolitan,0.2384553618696704,0.29324856172087166,0.3804123680296574,0.8396607237397131,0.22593101329252527,0.3955416057304876
2020,Sakarya,2,Old-metropolitan,0.2430719854356975,0.28823624049911356,0.4557881374518827,0.7798878792829311,0.22778566392201793,0.3989539813183286
2008,Düzce,0,Non-metropolitan,0.16250135497012022,0.35224318401225807,0.6934185899604302,0.8752649001969207,0.36661187089223396,0.4900079800063926
2010,Düzce,0,Non-metropolitan,0.12267322425441039,0.3293082140438752,0.6348974574418829,0.9065377933933289,0.4050319159379336,0.4796897210142862
2012,Düzce,0,Non-metropolitan,0.15062913615532908,0.3227127800455948,0.6895640396792025,0.8569219620773441,0.38781846357202543,0.48152927630589915
2014,Düzce,0,Non-metropolitan,0.17478743038896907,0.3197426790323643,0.7396522553920739,0.8748604734952243,0.3273509718710866,0.48727876203594367
2016,Düzce,0,Non-metropolitan,0.16532348043060385,0.31118786099083645,0.8025533951768753,0.8770387349631277,0.2735726183931333,0.48593521799091527
2018,Düzce,0,Non-metropolitan,0.16517152770267424,0.3040266928977144,0.8297464666604875,0.9043862857987802,0.21287507130045524,0.48324120887202227
2020,Düzce,0,Non-metropolitan,0.17048104751131013,0.2987039307198728,0.8721863213264957,0.86253550076233,0.19387435669330036,0.47955623140266174
2008,Bolu,0,Non-metropolitan,0.31445195688513905,0.27919247273149983,0.7524649055167617,0.7371208086948748,0.7723304860500068,0.5711121259756564
2010,Bolu,0,Non-metropolitan,0.30788652010096856,0.2710027919606882,0.7558024350551698,0.8920372505999229,0.7722464647660697,0.5997950924965638
2012,Bolu,0,Non-metropolitan,0.29662746311206545,0.26544766536337006,0.7405353387828895,0.7936291571676146,0.49442704593051817,0.5181333340712915
2014,Bolu,0,Non-metropolitan,0.29599719546117353,0.26280195177616367,0.7334043553648102,0.7750942106627658,0.5367586890294209,0.5208112804588668
2016,Bolu,0,Non-metropolitan,0.2823991853200493,0.25731910440890093,0.8010848538756508,0.8489473605913821,0.40404232842216903,0.5187585665236305
2018,Bolu,0,Non-metropolitan,0.27063078581951094,0.25195099164459583,0.8287543436314284,0.8768530423684178,0.2912314762515917,0.503884127943109
2020,Bolu,0,Non-metropolitan,0.28208958296251657,0.25455814645729213,0.8197290291212194,0.7568239964984487,0.26326540193255193,0.4752932313944057
2008,Yalova,0,Non-metropolitan,0.15754016604719528,0.2568800178694556,0.2947603403812889,0.9620025189889843,0.26658919035077216,0.38755444672753925
2010,Yalova,0,Non-metropolitan,0.12563186622954947,0.25087835179745915,0.3918204769843617,0.9674476290247516,0.22960653492714708,0.3930769717926538
2012,Yalova,0,Non-metropolitan,0.12109879997672644,0.26997228427448694,0.45372606204570665,0.9739427096074575,0.21993876259602396,0.4077357237000803
2014,Yalova,0,Non-metropolitan,0.11001387822257909,0.2504985136133526,0.492224244732461,0.976610339721758,0.1657335423718168,0.3990161037323935
2016,Yalova,0,Non-metropolitan,0.08628985484221764,0.24590229985376472,0.4800169595342674,0.9694308884792602,0.12101503403500828,0.3805310073489036
2018,Yalova,0,Non-metropolitan,0.0817363305456067,0.24202105466247273,0.5551862743319309,0.9645496172329332,0.10098811157649606,0.38889627766988794
2020,Yalova,0,Non-metropolitan,0.05722401227613568,0.23707813087439486,0.5454857741661512,0.9632198880840679,0.0836521672509551,0.37733199453034094
2008,Ankara,2,Old-metropolitan,0.12198809398288056,0.24818021095413187,0.4631021647182538,0.9174341833690729,0.17105145500909322,0.38435122160668644
2010,Ankara,2,Old-metropolitan,0.1384944414528166,0.24573036080374813,0.5794250952599023,0.900330137548794,0.1886943862966123,0.4105348842723747
2012,Ankara,2,Old-metropolitan,0.13046613310812025,0.2404955010016434,0.6347010247752183,0.9096221140648142,0.1359103728044985,0.41023902915085897
2014,Ankara,2,Old-metropolitan,0.12404034517608592,0.23896006062162184,0.6197282226822447,0.9057222633603689,0.1289104728116421,0.4034722729303927
2016,Ankara,2,Old-metropolitan,0.13851266176157223,0.23747165201178527,0.6013356050968773,0.8970905944581602,0.11361675844424458,0.39760545435452793
2018,Ankara,2,Old-metropolitan,0.13144029195545293,0.23381345261357334,0.5756481440709824,0.9052251304496498,0.11734906645053743,0.3926952171080392
2020,Ankara,2,Old-metropolitan,0.14340326488935057,0.23571857683264302,0.6385686025227169,0.9124169187630069,0.11855322897653904,0.40973211839685125
2008,Konya,2,Old-metropolitan,0.3821232016719432,0.2024713540025244,0.557163827648671,0.39012937112270124,0.5215293350880059,0.41068341790676915
2010,Konya,2,Old-metropolitan,0.39878520294794767,0.21090428435464642,0.6317494839419825,0.38557208058658604,0.5915792082441853,0.44371805201506953
2012,Konya,2,Old-metropolitan,0.4032351588387084,0.23764290373635788,0.6233170708260578,0.2816009650333449,0.523522168411031,0.41386365336909997
2014,Konya,2,Old-metropolitan,0.40962939456165653,0.2674749983756611,0.6479182476484838,0.29648344693076906,0.5415708379175447,0.43261538508682307
2016,Konya,2,Old-metropolitan,0.42050541017181653,0.2907429145370154,0.586997951432708,0.17438588843932817,0.46316748082590714,0.3871599290813551
2018,Konya,2,Old-metropolitan,0.42601631033364773,0.32369287036696875,0.5667954099035625,0.254826653394505,0.4820890758015419,0.4106840639600452
2020,Konya,2,Old-metropolitan,0.45112040386752916,0.3355682689939724,0.5466314119926897,0.06323080826206001,0.48423440580633664,0.3761570597845176
2008,Karaman,0,Non-metropolitan,0.3988534933009596,0.6112228712806229,0.5711842908501787,0.3581405819095489,0.5970647648606638,0.5072932004403948
2010,Karaman,0,Non-metropolitan,0.37515353962586656,0.5833574924404463,0.8174813700358993,0.32199911915771157,0.6567143333527427,0.5509411709225333
2012,Karaman,0,Non-metropolitan,0.40722400647675716,0.555033438184329,0.8070402781999838,0.31157366587886265,0.6055528097685572,0.537284839701698
2014,Karaman,0,Non-metropolitan,0.44343292123885863,0.5664010691484198,0.8149464355791589,0.24837142543312812,0.6351805023400804,0.5416664707479291
2016,Karaman,0,Non-metropolitan,0.44441105338310355,0.568708413207995,0.8481098493915517,0.06750622830284136,0.6007422286504709,0.5058955545871925
2018,Karaman,0,Non-metropolitan,0.44899309470071186,0.5797754431453372,0.8110617177705072,0.14047948800838583,0.6056410272878553,0.5171901541825595
2020,Karaman,0,Non-metropolitan,0.4557681577970953,0.5664397896691701,0.8186995814716032,0.11360573426103715,0.5802431060387191,0.5069512738475249
2008,Antalya,2,Old-metropolitan,0.6344289322226163,0.5234220292595746,0.4044913704593521,0.824381764478267,0.3925771776844524,0.5558602548208524
2010,Antalya,2,Old-metropolitan,0.6217961370909437,0.5109285260070203,0.433912795892361,0.8201632868591646,0.4633915765586772,0.5700384644816334
2012,Antalya,2,Old-metropolitan,0.6186326644281551,0.5019620338802585,0.4956094346713438,0.845893272688016,0.4009459189102335,0.5726086649156013
2014,Antalya,2,Old-metropolitan,0.6086604616419407,0.49336521431666114,0.47054032497218723,0.8459538040059078,0.34408034248903285,0.5525200294851459
2016,Antalya,2,Old-metropolitan,0.605457370934699,0.4904938441549135,0.40976568825612325,0.8384313604468594,0.29299669507051507,0.527428991772622
2018,Antalya,2,Old-metropolitan,0.6107149221878477,0.48499385692779295,0.3521276603133275,0.8674382430871088,0.27707790934646354,0.5184705183725081
2020,Antalya,2,Old-metropolitan,0.6229894733481436,0.47851821036565256,0.4553327636919445,0.8487658201910946,0.2616736659315552,0.5334559867056781
2008,Isparta,0,Non-metropolitan,0.2442751497032139,0.3176739441570758,0.6167755092667297,0.8070217616196729,0.5347796437974656,0.5041052017088316
2010,Isparta,0,Non-metropolitan,0.2567325774911574,0.313789499990832,0.7171109485119953,0.8053204190763585,0.5208840230535188,0.5227674936247724
2012,Isparta,0,Non-metropolitan,0.24113658105466756,0.3196874259592647,0.6844445640102872,0.8061787458645677,0.5404059466195349,0.5183706527016645
2014,Isparta,0,Non-metropolitan,0.2577581971967782,0.3338551431167179,0.7658617626425881,0.7933678162569444,0.4960143556463117,0.529371454971868
2016,Isparta,0,Non-metropolitan,0.2794134213336873,0.33489838567675545,0.7357566772603114,0.7717585309290236,0.42493640297051977,0.5093526836340595
2018,Isparta,0,Non-metropolitan,0.3102326527771037,0.32593352974271406,0.7162173436105224,0.7980841563887195,0.4006325264279375,0.5102200417893995
2020,Isparta,0,Non-metropolitan,0.33707349450694535,0.3256790628483494,0.7179382593789756,0.7904054265726117,0.3927166652912572,0.5127625817196279
2008,Burdur,0,Non-metropolitan,0.356248837137647,0.384219486181827,0.7741467554168051,0.7304664270404837,0.6367627241553683,0.5763688459864261
2010,Burdur,0,Non-metropolitan,0.3721473164069489,0.38213866939770186,0.8299891361893207,0.7295327874542077,0.7452538648885745,0.6118123548673507
2012,Burdur,0,Non-metropolitan,0.4079592089311227,0.3826082006142772,0.8780721722286537,0.7304239372194142,0.6874454923358616,0.6173018022658658
2014,Burdur,0,Non-metropolitan,0.4380175323845043,0.3844022029207287,0.9137735337193535,0.7116530130927646,0.6610952518357593,0.621788306790622
2016,Burdur,0,Non-metropolitan,0.5590016896994812,0.4105538585078151,0.8454174990191127,0.6975704821183886,0.6021813765490761,0.6229449811787747
2018,Burdur,0,Non-metropolitan,0.5682153626262627,0.40968170403652315,0.7970018913228345,0.7560133658288181,0.5462999078486318,0.615442446332614
2020,Burdur,0,Non-metropolitan,0.6705923468746267,0.41514327774803467,0.6884783867670867,0.7034786924834632,0.5127542386774396,0.5980893885101302
2008,Adana,2,Old-metropolitan,0.5193163103503428,0.4955080836838325,0.40833629070550415,0.6832014130587581,0.36054999701671114,0.49338241896302976
2010,Adana,2,Old-metropolitan,0.4802469400847561,0.4695580566886455,0.39278533096858476,0.6565693271857198,0.47392328809044076,0.4946165886036294
2012,Adana,2,Old-metropolitan,0.45943152542305965,0.4248733198018533,0.5867906828639742,0.6276009391783559,0.3621804705126344,0.4921753875559755
2014,Adana,2,Old-metropolitan,0.4539528435263255,0.40872538907935896,0.5616872489896167,0.6579093382928504,0.31260744473814844,0.47897645292526
2016,Adana,2,Old-metropolitan,0.46985450169316956,0.41594816637456733,0.5785040241875274,0.5801309832313406,0.28249441578043377,0.4653864182534077
2018,Adana,2,Old-metropolitan,0.506734014618196,0.45400068781342107,0.5375791684053367,0.6594969204129804,0.28984448247487316,0.4895310547449615
2020,Adana,2,Old-metropolitan,0.4960886385671369,0.44488373920570395,0.5315123419041234,0.6012745944866233,0.2545599648177122,0.46566385579625996
2008,Mersin,2,Old-metropolitan,0.46769788185256067,0.5145906849650823,0.5116129238359958,0.8240664830953193,0.4360275430097951,0.5507991033517506
2010,Mersin,2,Old-metropolitan,0.436576956538006,0.49804626562328086,0.6006584236282428,0.7957448157464979,0.48362771449374303,0.5629308352059541
2012,Mersin,2,Old-metropolitan,0.4787464284164322,0.5145557837692076,0.6811920256011663,0.815364311660326,0.42324194619527633,0.5826200991284817
2014,Mersin,2,Old-metropolitan,0.4809607584358723,0.5013457666759205,0.6055664446446664,0.816178241682862,0.3598212899992273,0.5527745002877097
2016,Mersin,2,Old-metropolitan,0.4801996393700031,0.4942638887506513,0.4978750734235615,0.7674119719356332,0.32029852510081747,0.5120098197161334
2018,Mersin,2,Old-metropolitan,0.504512596687124,0.5139566910702547,0.5615670404427541,0.818464650128624,0.3189309330395013,0.5434863822736515
2020,Mersin,2,Old-metropolitan,0.4755413528021148,0.4878374514133001,0.520849704196817,0.8016568729103755,0.32384502373039387,0.5219460810106002
2008,Hatay,1,New-metropolitan (2012),0.2234817846224055,0.39521269241590007,0.6542603839099415,0.7181185044725713,0.37869945395329346,0.4739545638748224
2010,Hatay,1,New-metropolitan (2012),0.19415266109220464,0.38802193654809924,0.6803731243273091,0.7273711933265126,0.4026296039614516,0.47850970385111535
2012,Hatay,1,New-metropolitan (2012),0.18924254959838083,0.3696730752514811,0.6691672933441106,0.7277376068265133,0.33428696853423673,0.45802149871094455
2014,Hatay,1,New-metropolitan (2012),0.1870263021122649,0.35051100675574043,0.53954492044027,0.6896158525496421,0.26779827663773115,0.4068992716991297
2016,Hatay,1,New-metropolitan (2012),0.19424189749987697,0.3392624347904649,0.6101653737218335,0.6739731879681236,0.23363901098578266,0.4102563809932163
2018,Hatay,1,New-metropolitan (2012),0.1793403265201265,0.3260292778060012,0.4745354834610645,0.7428454577174854,0.22419754168499686,0.3893896174379349
2020,Hatay,1,New-metropolitan (2012),0.19452366106135294,0.3179640635234226,0.4673132185082354,0.6013661929165788,0.1944437379197124,0.3551221747858604
2008,Kahramanmaraş,1,New-metropolitan (2012),0.2589640865965597,0.33870929054622667,0.5649152987422714,0.7158069541232511,0.4184082862856451,0.4593607832587908
2010,Kahramanmaraş,1,New-metropolitan (2012),0.26153121098338566,0.35364301236406687,0.6094047805310279,0.718752112616867,0.4173599619310524,0.4721382156852799
2012,Kahramanmaraş,1,New-metropolitan (2012),0.25217240686813364,0.32788865423341423,0.6920097743802652,0.7146743350784395,0.3618440071924751,0.4697178355505455
2014,Kahramanmaraş,1,New-metropolitan (2012),0.26592595069718433,0.3201164350652183,0.5733681670239936,0.7020975733214129,0.3470641611523689,0.44171445745203564
2016,Kahramanmaraş,1,New-metropolitan (2012),0.2611157948199801,0.304135304711851,0.463844255271802,0.697283000826332,0.30436957010658955,0.406149585147311
2018,Kahramanmaraş,1,New-metropolitan (2012),0.2673895392430249,0.29727393609516867,0.38524153013044754,0.7765891129851741,0.31225128066358915,0.4077490798234809
2020,Kahramanmaraş,1,New-metropolitan (2012),0.28947562435396695,0.30715481230540626,0.39888099023316226,0.746178992098506,0.299796621126911,0.4082974080235905
2008,Osmaniye,0,Non-metropolitan,0.3068074407784947,0.34418746195266187,0.6934748199021334,0.7257569660041332,0.44803219679426776,0.5036517770863382
2010,Osmaniye,0,Non-metropolitan,0.32634122726787884,0.3435707138515548,0.7478666259584733,0.7131470687647588,0.5347055650470299,0.5331262401779392
2012,Osmaniye,0,Non-metropolitan,0.27372717482371023,0.314836363394628,0.7478033983751218,0.7646855348009773,0.4432513030868879,0.5088607548962651
2014,Osmaniye,0,Non-metropolitan,0.25091695593010166,0.2974322550132772,0.751613852601083,0.7470248978333449,0.34204817913307495,0.4778072281021764
2016,Osmaniye,0,Non-metropolitan,0.24966755531474605,0.2938730827626639,0.7418525326427208,0.7217797872677113,0.2832764121047668,0.45808987401852175
2018,Osmaniye,0,Non-metropolitan,0.24001758567093426,0.3121301328178504,0.8176639668608601,0.7851289452835066,0.27301036990453187,0.4855902001075366
2020,Osmaniye,0,Non-metropolitan,0.2401882680937149,0.2891673703288083,0.8143813647770217,0.7713716203547933,0.2773091178197152,0.47848354827481065
2008,Kırıkkale,0,Non-metropolitan,0.19856999336639167,0.23083046454675182,0.35881827390142373,0.8248104247901238,0.26789057869134786,0.37618394705920777
2010,Kırıkkale,0,Non-metropolitan,0.2470059572649676,0.2207871172941752,0.436729156233676,0.8068682249899972,0.3965912953763551,0.42159635023183417
2012,Kırıkkale,0,Non-metropolitan,0.24154428177908224,0.22576035749401852,0.8447217457687151,0.8166069491388839,0.36219193856211485,0.4981650545485629
2014,Kırıkkale,0,Non-metropolitan,0.24156299447063437,0.18873052587364256,0.8388398602143173,0.7715363510716052,0.32949462255601647,0.47403287083724316
2016,Kırıkkale,0,Non-metropolitan,0.2447760110619316,0.17880012861447706,0.8653437785374517,0.7682471008055227,0.2655978879038691,0.46455298138465045
2018,Kırıkkale,0,Non-metropolitan,0.26717311783615943,0.23165260799468518,0.8873556212857279,0.8339185726871718,0.2874528327842842,0.5015105505176057
2020,Kırıkkale,0,Non-metropolitan,0.2593277165814732,0.24587777834783875,0.8448081328206739,0.7373348949010583,0.23641395732896162,0.46475249599600116
2008,Aksaray,0,Non-metropolitan,0.42480651667650104,0.3163411115754509,0.5828000176594907,0.4679836603068031,0.5797304237966482,0.4743323460029788
2010,Aksaray,0,Non-metropolitan,0.4311867784667006,0.30109794977324494,0.6391657920474623,0.3167317414314119,0.7171916356815741,0.4810747794800788
2012,Aksaray,0,Non-metropolitan,0.42664138057327194,0.31078730881387634,0.680752317908651,0.2905106051542254,0.6585424120556039,0.4734468049011257
2014,Aksaray,0,Non-metropolitan,0.4683271550969276,0.27551346077243366,0.8216642978642748,0.2929621735401785,0.6452700336054703,0.5007474241758569
2016,Aksaray,0,Non-metropolitan,0.4778011894979746,0.2949052383715026,0.7776064002773748,0.14113088672224172,0.5622159925757657,0.4507319414889719
2018,Aksaray,0,Non-metropolitan,0.4915571376810491,0.31689614778381675,0.7530438996100896,0.31219514201269577,0.5778532190989109,0.4903091092373124
2020,Aksaray,0,Non-metropolitan,0.49722153995130897,0.3214293763321773,0.7589900700541512,0.16640691346984848,0.6142874850419199,0.4716670769698812
2008,Niğde,0,Non-metropolitan,0.3669904672942613,0.3216911465252907,0.48682401732788555,0.31875926281721456,0.5590543253770126,0.4106638438683329
2010,Niğde,0,Non-metropolitan,0.3795462916718487,0.3305524012805819,0.5799180942162375,0.2941707988752223,0.670214316117487,0.45088038043227546
2012,Niğde,0,Non-metropolitan,0.3857124573215632,0.3262694544390175,0.5333391640849798,0.3289118237471097,0.6798138530873289,0.4508093505359999
2014,Niğde,0,Non-metropolitan,0.36518409631241766,0.3146775491784121,0.7825682871485073,0.3571998045020585,0.6660698347793058,0.4971399143841403
2016,Niğde,0,Non-metropolitan,0.39556194321100735,0.3269815340775516,0.8350442522393404,0.26496335666979914,0.5853385127631318,0.481577919792166
2018,Niğde,0,Non-metropolitan,0.3874043561476222,0.3307199411893998,0.7660872477893375,0.38927701005650084,0.6068266616403798,0.49606304336464796
2020,Niğde,0,Non-metropolitan,0.3920918770992996,0.3455617648346575,0.7382050854522277,0.22486875546872354,0.6006520865403921,0.4602759138790601
2008,Nevşehir,0,Non-metropolitan,0.3642415501797819,0.39604440505413707,0.5504736307458681,0.41384603690258015,0.4724555980659355,0.4394122441896605
2010,Nevşehir,0,Non-metropolitan,0.39622469185501263,0.5307906569346852,0.5708507941685546,0.2714720961379853,0.5532641948484077,0.4645204867889291
2012,Nevşehir,0,Non-metropolitan,0.38141536524810793,0.49097064291543785,0.5809220837184175,0.31162574039552987,0.4554723535603115,0.44408123716756087
2014,Nevşehir,0,Non-metropolitan,0.3579246226767937,0.5088116039142269,0.6612870833436268,0.43743220071166067,0.4698758502159852,0.4870662721724587
2016,Nevşehir,0,Non-metropolitan,0.38386881468714734,0.5024156228306984,0.7680132409078424,0.327095844991376,0.3839549104507856,0.4730696867735699
2018,Nevşehir,0,Non-metropolitan,0.3610445281335217,0.507478424755603,0.7888077820677543,0.4042055693275659,0.3825118770280534,0.4888096362624997
2020,Nevşehir,0,Non-metropolitan,0.3833865842143536,0.510580814578126,0.7878598445680256,0.38237942570922656,0.4199793777328203,0.49683720936051035
2008,Kırşehir,0,Non-metropolitan,0.3564304171425909,0.265571849689324,0.4187083025232551,0.7111266279240093,0.5678154743337881,0.4639305343225935
2010,Kırşehir,0,Non-metropolitan,0.4072603753254259,0.2987073815816636,0.4039125640509696,0.5912390225714457,0.7322424144692171,0.4866723515997443
2012,Kırşehir,0,Non-metropolitan,0.38718899985016925,0.24284103955352396,0.2669948371219772,0.6272571065651384,0.5470031312016492,0.41425702285849153
2014,Kırşehir,0,Non-metropolitan,0.36227772573803746,0.23520178048105128,0.6351341900526984,0.5818413697386595,0.47000617673463435,0.45689224854901617
2016,Kırşehir,0,Non-metropolitan,0.38182421265192834,0.20448865881377637,0.6890891137883912,0.48560137708213325,0.4794403241294505,0.448088737293136
2018,Kırşehir,0,Non-metropolitan,0.37207347858861695,0.29742788143370263,0.7505552694424841,0.6598208579027208,0.5714267850789756,0.5302608544892999
2020,Kırşehir,0,Non-metropolitan,0.405522620226448,0.33994175138767513,0.6669841445578051,0.549250075789131,0.5280850904095097,0.4979567364741138
2008,Kayseri,2,Old-metropolitan,0.29017542045536043,0.24162301925438778,0.48490492058487406,0.8142950415938425,0.4033523532559262,0.4468701510288782
2010,Kayseri,2,Old-metropolitan,0.29855425232579313,0.2535958966681668,0.502369676711995,0.7946994088679245,0.4218080915118452,0.45420546521714494
2012,Kayseri,2,Old-metropolitan,0.2896818920010532,0.27767874492377903,0.6516261982642398,0.7761416324987795,0.3398923904734296,0.46700417163225627
2014,Kayseri,2,Old-metropolitan,0.2853893920390885,0.27882440445779855,0.658079866504618,0.7679433189080406,0.34460261003361586,0.4669679183886323
2016,Kayseri,2,Old-metropolitan,0.2960137457481084,0.2911712512930224,0.6183856593796202,0.7714272577307286,0.272661036727027,0.44993179017570134
2018,Kayseri,2,Old-metropolitan,0.2978260096393971,0.30503624283398023,0.5854896464341242,0.7255092562564285,0.27536427333523156,0.43784508569983227
2020,Kayseri,2,Old-metropolitan,0.3050087327253499,0.31598470304718973,0.6091645424273588,0.7564706521156184,0.2571898062019847,0.44876368730350036
2008,Sivas,0,Non-metropolitan,0.31929909103938287,0.24310985425517212,0.45426402464007654,0.7640030143437664,0.4865597561198791,0.45344714807965547
2010,Sivas,0,Non-metropolitan,0.40273896186780656,0.17023859389720813,0.6459447967340961,0.7765740735112105,0.6559578678157784,0.53029085876522
2012,Sivas,0,Non-metropolitan,0.3571575901168085,0.16569618837240302,0.6282400914937495,0.7781985418362092,0.5837488436896793,0.5026082511017699
2014,Sivas,0,Non-metropolitan,0.34969954066646963,0.17271211102480924,0.7206059104207381,0.7502605777785435,0.5189027077786267,0.5024361695338374
2016,Sivas,0,Non-metropolitan,0.3657430451600923,0.17057880128565378,0.5990744392240006,0.699961698036839,0.4545964030559664,0.45799087735251043
2018,Sivas,0,Non-metropolitan,0.34825585118140434,0.18675704149084166,0.6943136002531858,0.7761386924145592,0.4365564780971443,0.4884043326874271
2020,Sivas,0,Non-metropolitan,0.3635445987606287,0.19901472796333503,0.6529109401693189,0.682369188379544,0.44857450460030773,0.46928279197462686
2008,Yozgat,0,Non-metropolitan,0.4034229806526909,0.24215177363873278,0.5121829015438364,0.6497499804810483,0.5275520812568653,0.4670119435146347
2010,Yozgat,0,Non-metropolitan,0.4352254589530681,0.2367772895285209,0.6275590995820717,0.5640302986640002,0.7170856262806757,0.5161355546016673
2012,Yozgat,0,Non-metropolitan,0.41761061791918924,0.22967488625027577,0.6423486375479255,0.5680138067844757,0.5926283940416657,0.4900552685087064
2014,Yozgat,0,Non-metropolitan,0.4140528651408989,0.28956812384580044,0.7404939333490721,0.5194080124115861,0.5472312133636216,0.5021508296221958
2016,Yozgat,0,Non-metropolitan,0.4295099936359887,0.2885698014793582,0.7237420605442739,0.4101770928544537,0.48601473767834386,0.4676027372384836
2018,Yozgat,0,Non-metropolitan,0.4075515464892905,0.2978226823963789,0.7467441402927149,0.5050886775284976,0.48158971190251004,0.48775935172187834
2020,Yozgat,0,Non-metropolitan,0.42244706014561095,0.3225479246435095,0.7697019301592224,0.4405708119338446,0.4572440329265521,0.48250235196174784
2008,Zonguldak,0,Non-metropolitan,0.06488268202356988,0.2553138838887794,0.8022341970597553,0.9889095469884874,0.19101503201299286,0.46047106839471696
2010,Zonguldak,0,Non-metropolitan,0.06785455022034792,0.25276191712033047,0.7474114988820694,0.982779416242544,0.26176825971086526,0.4625151284352314
2012,Zonguldak,0,Non-metropolitan,0.08866220346837925,0.2515204660289206,0.7177562627346403,0.983068467629858,0.22567058988373587,0.4533355979491068
2014,Zonguldak,0,Non-metropolitan,0.08967984909271597,0.24971607870366688,0.7346222745885034,0.9817397678521695,0.17867018677156357,0.4468856314017239
2016,Zonguldak,0,Non-metropolitan,0.08341593552429866,0.2467938846135067,0.8303944641028081,0.9779536753878478,0.1542837586388072,0.45856834365345367
2018,Zonguldak,0,Non-metropolitan,0.08522120695217396,0.24544306638506094,0.8410276789359759,0.9777776167295341,0.1194451240324255,0.45378293860703406
2020,Zonguldak,0,Non-metropolitan,0.06536109684633319,0.24446784323283993,0.8877727178326331,0.9690911185356617,0.11598311114776239,0.4565351775190461
2008,Karabük,0,Non-metropolitan,0.11808624964072897,0.21284640689137496,0.80075562772849,0.9799306698715864,0.21616494270915151,0.4655567793682664
2010,Karabük,0,Non-metropolitan,0.14392212618126515,0.21030354296473336,0.8140434311795876,0.9828064415341793,0.23724974537803564,0.4776650574475602
2012,Karabük,0,Non-metropolitan,0.13184325961443744,0.21186457166045575,0.8961432354219467,0.9822804232121904,0.2001897630912782,0.4844642506000617
2014,Karabük,0,Non-metropolitan,0.13441937905974974,0.21359080614862438,0.6887353747117501,0.9801937223111283,0.16753675334552978,0.4368952071153564
2016,Karabük,0,Non-metropolitan,0.11492489917953175,0.20623633349465081,0.6994864059927512,0.9791138161748562,0.11118583588630525,0.42218945814561903
2018,Karabük,0,Non-metropolitan,0.09736597780230415,0.2069370686745864,0.7006817334108197,0.9096869213295838,0.10311867732386609,0.4035580757082321
2020,Karabük,0,Non-metropolitan,0.12514233427082824,0.21371079677449667,0.7095700532766684,0.9697450740842806,0.1243544127441204,0.4285045342300789
2008,Bartın,0,Non-metropolitan,0.37355484986007836,0.30530842664994484,0.8856370956406681,0.9569465161339494,0.4263597290953612,0.5895613234760003
2010,Bartın,0,Non-metropolitan,0.37942958493682066,0.3003326616377463,0.844387211602558,0.9543522929746655,0.4837236840693892,0.5924450870442359
2012,Bartın,0,Non-metropolitan,0.3847405059776635,0.305769357040407,0.9057833339758852,0.9556684686896988,0.413580689231216,0.5931084709829741
2014,Bartın,0,Non-metropolitan,0.3485221387664757,0.30666697202737137,0.9610452540541575,0.9515318238418065,0.31468900049530774,0.5764910378370238
2016,Bartın,0,Non-metropolitan,0.33097902966072,0.2938726538823284,0.8812867432520248,0.9538148289687132,0.24121768693053122,0.5402341885388636
2018,Bartın,0,Non-metropolitan,0.32830942244217326,0.2908886560331559,0.8439330317845368,0.9573605892940362,0.23051263708654438,0.5302008673280894
2020,Bartın,0,Non-metropolitan,0.33363054533250514,0.2853746397503781,0.8345999166201478,0.9524643851750567,0.18537047850909982,0.5182879930774374
2008,Kastamonu,0,Non-metropolitan,0.29909893289327255,0.34255977570865487,0.7787567706295488,0.8756380258603496,0.5812820141429462,0.5754671038469544
2010,Kastamonu,0,Non-metropolitan,0.2848183538852858,0.31137974438251204,0.8302829378604508,0.8534683033745296,0.6905447617951577,0.5940988202595872
2012,Kastamonu,0,Non-metropolitan,0.24198985137889972,0.303161436630987,0.7779206654336248,0.892999138609937,0.5431507263972744,0.5518443636901447
2014,Kastamonu,0,Non-metropolitan,0.27324902354394653,0.2902893679299304,0.8480644731037176,0.8873804170718018,0.45870852932851564,0.5515383621955825
2016,Kastamonu,0,Non-metropolitan,0.2592465476771127,0.2922309013623282,0.9563553968757066,0.8901382477815929,0.42845022477422373,0.5652842636941928
2018,Kastamonu,0,Non-metropolitan,0.267846668906818,0.2925795279628182,0.939018282978983,0.8913896786547112,0.39619553646732025,0.5574059389941302
2020,Kastamonu,0,Non-metropolitan,0.2988740977187473,0.29604518084930787,0.9518506294111037,0.8736669190768862,0.4340997078097472,0.5709073069731584
2008,Çankırı,0,Non-metropolitan,0.30278561847846425,0.33562414662916795,0.7195046801484366,0.841072361236008,0.6510268938930553,0.5700027400770264
2010,Çankırı,0,Non-metropolitan,0.31144660653053285,0.3163406805086238,0.7261256332835551,0.7660640325204479,0.6200522899925421,0.5480058485671403
2012,Çankırı,0,Non-metropolitan,0.2751767035633835,0.30450867137088905,0.7499794632935293,0.7992130233106587,0.5648992710739863,0.5387554265224893
2014,Çankırı,0,Non-metropolitan,0.296163553009209,0.3040984923585842,0.7408942959583702,0.7914039220743969,0.5139224814851653,0.5292965489771451
2016,Çankırı,0,Non-metropolitan,0.3008611716276551,0.2969060460526548,0.69060901890451,0.7508357071573541,0.4918202448734535,0.5062064377231256
2018,Çankırı,0,Non-metropolitan,0.2598291619806861,0.25411780044459337,0.7814324527124377,0.829709895232912,0.4043985868187427,0.5058975794378744
2020,Çankırı,0,Non-metropolitan,0.27429772749441916,0.26468808945505434,0.7045097519343126,0.7891090616645633,0.3337272892152841,0.4732663839527268
2008,Sinop,0,Non-metropolitan,0.21210811728451137,0.2854024854193406,0.8285836791882896,0.9195315632384378,0.4257497912752714,0.5342751272811701
2010,Sinop,0,Non-metropolitan,0.2654863699837221,0.2669666812310908,0.8316688154463938,0.9284082356614609,0.5297209970052806,0.5644502198655897
2012,Sinop,0,Non-metropolitan,0.2717493946328357,0.26026596373646405,0.8552595670957828,0.938275656754082,0.5055374713329422,0.5662176107104213
2014,Sinop,0,Non-metropolitan,0.26162067956979085,0.24682350253375934,0.8162038211810897,0.9340035543830792,0.4170654019462578,0.5351433919227954
2016,Sinop,0,Non-metropolitan,0.24776732730585324,0.24923386207107887,0.7758442271100382,0.9391131781193596,0.3765335087570471,0.5176984206726754
2018,Sinop,0,Non-metropolitan,0.2336112234476438,0.24730137342467265,0.8737510933615493,0.941595260346511,0.24695705734454085,0.5086432015849836
2020,Sinop,0,Non-metropolitan,0.23364465318367736,0.24737739476554393,0.8333765798117141,0.9406989069815082,0.21256365777753175,0.493532238503995
2008,Samsun,2,Old-metropolitan,0.3157433753405705,0.4194907886097419,0.6493126347636451,0.8226087775632261,0.47917429525900185,0.537265974307237
2010,Samsun,2,Old-metropolitan,0.3457491556342984,0.422295602731355,0.7241420388875284,0.862807840480318,0.5225207173228054,0.575503071011261
2012,Samsun,2,Old-metropolitan,0.34454838525550313,0.41317385352889546,0.7035334479649369,0.8413319375494048,0.4522979602285402,0.5509771169054561
2014,Samsun,2,Old-metropolitan,0.34110435374359477,0.3999139901341606,0.6867126425932129,0.8316801653755959,0.3714749552733399,0.5261772214239808
2016,Samsun,2,Old-metropolitan,0.33413963014730763,0.37630272938595477,0.5839317487089695,0.8366842405294677,0.30635772574387665,0.4874832149031153
2018,Samsun,2,Old-metropolitan,0.2592511341217851,0.32520367212837265,0.635944796721517,0.8565607434031407,0.28107401599912124,0.4716068724747874
2020,Samsun,2,Old-metropolitan,0.2627146498403855,0.3137472341631998,0.6550889426648423,0.8052550272542411,0.2807757978812016,0.4635163303607741
2008,Tokat,0,Non-metropolitan,0.34041309754250554,0.42174322537040004,0.5677564666140125,0.8366952132912998,0.5320590510845434,0.5397334107805523
2010,Tokat,0,Non-metropolitan,0.34085750582705904,0.4036304407870513,0.5745650201109577,0.8423399221151511,0.6209525429931477,0.5564690863666735
2012,Tokat,0,Non-metropolitan,0.31671487032344975,0.3988736346837621,0.5770605821984014,0.8585461660065705,0.49699195049805817,0.5296374407420484
2014,Tokat,0,Non-metropolitan,0.3067314472686766,0.38617847875943123,0.8504257080160095,0.8579152509550141,0.4354027213094209,0.5673307212617105
2016,Tokat,0,Non-metropolitan,0.3412444212881145,0.37008820486446875,0.8135809381395387,0.8391960800103886,0.4104893091416666,0.5549197906888355
2018,Tokat,0,Non-metropolitan,0.34459432529731004,0.36187795319796595,0.752094639851837,0.8676270880174682,0.4315092435596251,0.5515406499848412
2020,Tokat,0,Non-metropolitan,0.3630889311302667,0.3639417110207919,0.8023710921467292,0.84978344107611,0.40267348522570073,0.5563717321199197
2008,Çorum,0,Non-metropolitan,0.3089521618069141,0.34301358083566297,0.7557493891823568,0.7668089705694676,0.5684511245081646,0.5485950453805132
2010,Çorum,0,Non-metropolitan,0.3324175477803196,0.2703809757339049,0.7825748088747444,0.718412779456128,0.6583732781151374,0.5524318779920468
2012,Çorum,0,Non-metropolitan,0.29710417207491163,0.26610693808261043,0.75570496350602,0.7485797326860386,0.4933319861492597,0.5121655584997681
2014,Çorum,0,Non-metropolitan,0.2861204319658151,0.2677428762489301,0.8017471899067657,0.7498157528381271,0.4675689190079943,0.5145990339935265
2016,Çorum,0,Non-metropolitan,0.3178241011511641,0.28210417189680426,0.8345603031125487,0.703763274317508,0.40861530816881997,0.509373431729369
2018,Çorum,0,Non-metropolitan,0.31661330376960745,0.29657540824668716,0.8461980453799074,0.7715762964473023,0.3941669496308555,0.5250260006948719
2020,Çorum,0,Non-metropolitan,0.3296532085597777,0.32901133102116686,0.8670310981232798,0.6766961388444157,0.38347211589678915,0.5171727784890858
2008,Amasya,0,Non-metropolitan,0.3898556479900905,0.5012132077288005,0.533793031054183,0.7875535218227634,0.6437317201605356,0.5712294257512746
2010,Amasya,0,Non-metropolitan,0.43110728354278627,0.46906762691642073,0.6450708282634389,0.7452245592145189,0.6501447559779033,0.5881230107830137
2012,Amasya,0,Non-metropolitan,0.4655125950043576,0.4759041813314283,0.7291470731833049,0.6231242225123395,0.5127319228020157,0.5612839989666891
2014,Amasya,0,Non-metropolitan,0.47792767362355876,0.41759980210977277,0.7963453756055425,0.7316612106332312,0.5183542907308549,0.5883776705405921
2016,Amasya,0,Non-metropolitan,0.564404952634206,0.40553009371717225,0.8049471158290752,0.7181409797874672,0.5032467793256487,0.5992539842587139
2018,Amasya,0,Non-metropolitan,0.53941327026607,0.38922631253649315,0.801034147557121,0.7806068853656276,0.4884832045870416,0.5997527640624706
2020,Amasya,0,Non-metropolitan,0.5539392765246709,0.4124216044961095,0.8336458225058683,0.7121179383903734,0.44620196483061453,0.5916653213495273
2008,Trabzon,1,New-metropolitan (2012),0.09703565781745584,0.28117721728637896,0.6805294131184316,0.9445975166206131,0.3431457192746086,0.4692971048234976
2010,Trabzon,1,New-metropolitan (2012),0.08295005810303355,0.28178356112995084,0.7329396174617673,0.9602373705064975,0.37564590235877954,0.48671130191200573
2012,Trabzon,1,New-metropolitan (2012),0.07201262042101804,0.27897518305450136,0.7055029064679958,0.9520303155218326,0.3289630233619279,0.46749680976545516
2014,Trabzon,1,New-metropolitan (2012),0.03894867172425269,0.27436675880595024,0.709231851108582,0.9595030003762183,0.2607488338425479,0.4485598231715103
2016,Trabzon,1,New-metropolitan (2012),0.03546096863065754,0.270424775736093,0.5947117238816253,0.9529988829339207,0.2459022627742138,0.41989972279130205
2018,Trabzon,1,New-metropolitan (2012),0.03315682440539859,0.26461197837908135,0.576900239430347,0.9626613603713721,0.21805882450142125,0.411077845417524
2020,Trabzon,1,New-metropolitan (2012),0.031323529728243066,0.26227021502669,0.6194677847218225,0.9697151790155142,0.20509026952012677,0.4175733956024793
2008,Ordu,1,New-metropolitan (2012),0.07281403590360686,0.40898485710970844,0.8590915426471815,0.900230110123756,0.42307802189559635,0.5328397135359698
2010,Ordu,1,New-metropolitan (2012),0.05046110059921765,0.3829440764601563,0.8334416328107979,0.9219665994628286,0.41258498160616774,0.5202796781878336
2012,Ordu,1,New-metropolitan (2012),0.04009299864640913,0.3816954467593572,0.8980702841899588,0.9100625124699655,0.3956239958908565,0.5251090475913094
2014,Ordu,1,New-metropolitan (2012),0.031572467189746045,0.37314999145622535,0.7722591181819107,0.9261438654586968,0.3058347680432501,0.4817920420659658
2016,Ordu,1,New-metropolitan (2012),0.024003546429016174,0.35761836384559037,0.7303137268560844,0.9000804279934108,0.2781120093244271,0.4580256148897058
2018,Ordu,1,New-metropolitan (2012),0.024631869053170885,0.35299121215269325,0.7607883421314928,0.9113503228698467,0.3066394587435323,0.4712802409901472
2020,Ordu,1,New-metropolitan (2012),0.03319009032170806,0.34825099521678027,0.7754385077010855,0.8900734122149789,0.2998407755151604,0.4693587561939426
2008,Giresun,0,Non-metropolitan,0.06766317470061006,0.38419912221682323,0.9165434676612332,0.8937133484436652,0.4357219753810053,0.5395682176806674
2010,Giresun,0,Non-metropolitan,0.05887142748438144,0.38698266472687626,0.8938873695496047,0.9048438186744571,0.43210010505255586,0.535337077097575
2012,Giresun,0,Non-metropolitan,0.04766151333259119,0.3760310095695122,0.8662408318596392,0.9085747221262896,0.38093387031921894,0.5158883894414503
2014,Giresun,0,Non-metropolitan,0.04002874214825484,0.3561700848254452,0.8086109409662494,0.9120478683902488,0.2647157415966566,0.476314675585371
2016,Giresun,0,Non-metropolitan,0.04354943585393681,0.344382884680821,0.8612767776527178,0.906652428690861,0.2555272499839414,0.48227775537245554
2018,Giresun,0,Non-metropolitan,0.04199283228042511,0.33631921280650384,0.9456547725367832,0.9128381032367346,0.24444054540280988,0.4962490932526514
2020,Giresun,0,Non-metropolitan,0.04341094404845685,0.3308364782215437,0.9598828070857037,0.9115431554932996,0.26230649021428937,0.5015959750126586
2008,Rize,0,Non-metropolitan,0.0007780266755199092,0.31415089846049143,0.8134033171016903,0.8029580183818201,0.40106316792396957,0.4664706857086983
2010,Rize,0,Non-metropolitan,0.0,0.30829120569191704,0.903288009832566,0.7488215388087852,0.43023077177568986,0.4781263052217916
2012,Rize,0,Non-metropolitan,0.0,0.2980401988183887,0.9609919851777755,0.7496682667530318,0.40731868396251386,0.48320382694234193
2014,Rize,0,Non-metropolitan,0.0,0.2937185307328578,0.8922402008075023,0.7669606880919706,0.37281571068103636,0.46514702606267344
2016,Rize,0,Non-metropolitan,0.0,0.2886039400984907,0.8194420781878133,0.7414845937099984,0.3084531316161793,0.4315967487224964
2018,Rize,0,Non-metropolitan,0.0,0.287985655804391,0.8538631905251887,0.7784048479191241,0.3577959495789746,0.4556099287655357
2020,Rize,0,Non-metropolitan,0.0,0.28337632111887173,0.7773758395753514,0.6930709374056612,0.3239746848584291,0.4155595565916627
2008,Artvin,0,Non-metropolitan,0.18555572842832943,0.3489665868264804,0.8375901229310612,0.978209112269159,0.5495131041714308,0.5799669309252922
2010,Artvin,0,Non-metropolitan,0.16476557363588312,0.3346174137647041,0.8517407711426225,0.9390782690338217,0.6156980607649721,0.5811800176684007
2012,Artvin,0,Non-metropolitan,0.11965210808831643,0.2968787638845873,0.9158585594653506,0.939023827645314,0.5722948598520549,0.5687416237871246
2014,Artvin,0,Non-metropolitan,0.0856826086490441,0.27362428190569876,0.8905852316375233,0.946157178160084,0.5079677963247539,0.5408034193354208
2016,Artvin,0,Non-metropolitan,0.07206043479839618,0.26849343048997854,0.909011716800718,0.8859117758491655,0.46065344828016014,0.5192261612436837
2018,Artvin,0,Non-metropolitan,0.07078968467439276,0.26892972485989,0.9134039701193261,0.8199343925244995,0.4333737751632505,0.5012863094682718
2020,Artvin,0,Non-metropolitan,0.06992135429141419,0.27004539289108936,0.8537919030728128,0.9535396613859217,0.31128281593188545,0.49171622551462474
2008,Gümüşhane,0,Non-metropolitan,0.270837800947841,0.25406212620010515,0.8340865977478487,0.9344425724167811,0.5813382772646778,0.5749534749154508
2010,Gümüşhane,0,Non-metropolitan,0.28043612927592276,0.23144301046310828,0.8287579982858346,0.9635475078756701,0.629829795626518,0.5868028883054108
2012,Gümüşhane,0,Non-metropolitan,0.26449563594774167,0.21926694445115064,0.8315554928904556,0.9696599811115718,0.5174083295435827,0.5604772767889006
2014,Gümüşhane,0,Non-metropolitan,0.2391399364179929,0.23916824440490775,0.8580257914873003,0.961404067812333,0.4065453096115232,0.5408566699468114
2016,Gümüşhane,0,Non-metropolitan,0.25170190746573734,0.23203226389050222,0.8888338932538524,0.9579689199608872,0.3646956864886191,0.5390465342119196
2018,Gümüşhane,0,Non-metropolitan,0.24469831426137573,0.1999952269074644,0.9282689632496652,0.9695359664411807,0.3407701918253512,0.5366537325370075
2020,Gümüşhane,0,Non-metropolitan,0.2843246881853548,0.21405850445493213,0.9432579173377202,0.9613409382705689,0.3255353149770628,0.5457034726451278
2008,Erzurum,2,Old-metropolitan,0.26984466128913065,0.2233870143586661,0.44855866603091576,0.9483021633243899,0.505382788365058,0.4790950586736321
2010,Erzurum,2,Old-metropolitan,0.346211729937965,0.22074407532614057,0.4216938380195439,0.9317752813784423,0.6466837669564799,0.5134217383237144
2012,Erzurum,2,Old-metropolitan,0.3244021828625786,0.23527218511385145,0.43941663566073835,0.9353723920440766,0.5170163532414639,0.4902959497845417
2014,Erzurum,2,Old-metropolitan,0.33617935581293384,0.22643244715656258,0.5376816062166287,0.9368114979162746,0.5049433868358818,0.5084096587876563
2016,Erzurum,2,Old-metropolitan,0.3296588886586783,0.22400546818020106,0.4429170651025985,0.9162489900666327,0.4565398255749227,0.47387404751660667
2018,Erzurum,2,Old-metropolitan,0.336920000259423,0.2280202430556563,0.3989255597768261,0.9332470929877233,0.46379874035595653,0.47218232728711707
2020,Erzurum,2,Old-metropolitan,0.3447984316159148,0.2351164479067312,0.47619818969820105,0.9248459924251136,0.46122848443887027,0.48843750921696616
2008,Erzincan,0,Non-metropolitan,0.3455228947266391,0.3042716785235354,0.4744665966294879,0.816575047056364,0.5822496661094506,0.5046171766090954
2010,Erzincan,0,Non-metropolitan,0.3705385544173689,0.2806834917264669,0.48690268637943546,0.8015259208813827,0.6344814027569344,0.5148264112323176
2012,Erzincan,0,Non-metropolitan,0.35319438308616197,0.31040015482393807,0.42852116739661666,0.8407598359001092,0.5462200227111227,0.49581911278358975
2014,Erzincan,0,Non-metropolitan,0.34035875303239105,0.3001439338257269,0.578635265076078,0.8482452701125391,0.489773029601052,0.5114312503295574
2016,Erzincan,0,Non-metropolitan,0.36151415817463617,0.2866576963705566,0.6226065119010109,0.8321204903027459,0.4357341621326383,0.5077266037763176
2018,Erzincan,0,Non-metropolitan,0.34413274703985725,0.27201074279251725,0.6956152721442019,0.856634248401398,0.42043349423680504,0.5177653009229559
2020,Erzincan,0,Non-metropolitan,0.3808686139533437,0.2814883159843165,0.7052780507924599,0.8483476642758718,0.40131034558057693,0.5234585981173139
2008,Bayburt,0,Non-metropolitan,0.40494654181791073,0.1990878405908631,0.716195787411287,0.9251306139005698,0.5750177502790567,0.5640757067999373
2010,Bayburt,0,Non-metropolitan,0.416758756600702,0.372415731891255,0.677860746305297,0.8955416612724091,0.7824763632521051,0.6290106518643537
2012,Bayburt,0,Non-metropolitan,0.4575631498917969,0.25443953771805133,0.7265002957414526,0.8928408611588834,0.7435203131776325,0.6149728315375633
2014,Bayburt,0,Non-metropolitan,0.45884000283348453,0.30355112191298383,0.8105765686971518,0.8971631133867772,0.452719355813048,0.5845700325286891
2016,Bayburt,0,Non-metropolitan,0.4675063784754298,0.32073688322946314,0.9792719699361081,0.8894000252081681,0.4906848242918058,0.629520016228195
2018,Bayburt,0,Non-metropolitan,0.5025678349289858,0.3487930177706176,0.8986040995939252,0.8820228433859879,0.5238596623176374,0.6311694915994308
2020,Bayburt,0,Non-metropolitan,0.5030958832617468,0.3426048891361446,0.8611517636701913,0.8789284643961532,0.43908513908805413,0.604973227910458
2008,Ağrı,0,Non-metropolitan,0.30778103084970815,0.2605737084403247,0.6210652535660693,0.9342407260433524,0.47837829263286863,0.5204078023064647
2010,Ağrı,0,Non-metropolitan,0.4229495174248659,0.24527071977554565,0.520401295970387,0.9396131041616375,0.7322148948048702,0.5720899064274613
2012,Ağrı,0,Non-metropolitan,0.35485597838919375,0.21627061753674476,0.5568679588178618,0.9290495213155696,0.5851396425696825,0.5284367437258105
2014,Ağrı,0,Non-metropolitan,0.33919221827860463,0.22439176777150385,0.4992432340717799,0.9486943842555715,0.5110355503251198,0.504511430940516
2016,Ağrı,0,Non-metropolitan,0.35340355204909807,0.215057604373205,0.4714996929966037,0.9131146282075437,0.44909240106422693,0.4804335757381355
2018,Ağrı,0,Non-metropolitan,0.3341050259266889,0.20953281996228967,0.5385735695492342,0.9300544267573538,0.45680862806008116,0.49381489405112955
2020,Ağrı,0,Non-metropolitan,0.32870303106194365,0.22114403972948865,0.47045185031735415,0.9323778342352853,0.4449431728935272,0.4795239856475198
2008,Kars,0,Non-metropolitan,0.30108288047292453,0.2981495125138457,0.7183906765501382,0.8789286856065011,0.607884899946965,0.560887331018075
2010,Kars,0,Non-metropolitan,0.3095318549332302,0.32745573145040463,0.7147056414027184,0.8873666378657517,0.7788160144682137,0.6035751760240637
2012,Kars,0,Non-metropolitan,0.32848374492737953,0.2004140155240841,0.6151373719753601,0.8754955618739528,0.6744012817895267,0.5387863952180607
2014,Kars,0,Non-metropolitan,0.3062675388058536,0.36849430249318993,0.5938880645986203,0.8756359976281629,0.6708011792087983,0.563017416546925
2016,Kars,0,Non-metropolitan,0.3013863952940709,0.3556620912461414,0.577360817882993,0.8614968940903203,0.6126931167333953,0.5417198630493841
2018,Kars,0,Non-metropolitan,0.3148749506109813,0.3613224685452894,0.5544694900019493,0.9010444422136565,0.5644134527709949,0.5392249608285743
2020,Kars,0,Non-metropolitan,0.31724445932288053,0.3614955167689964,0.5352195147183371,0.8995324483855498,0.5619784939329896,0.5350940866257506
2008,Iğdır,0,Non-metropolitan,0.35782736480537763,0.3301659832493944,0.6906735417894159,0.9496969669805685,0.5993662635430056,0.5855460240735524
2010,Iğdır,0,Non-metropolitan,0.37631476482484105,0.30296491081077603,0.7010745492993171,0.9319112080705804,0.7400049044251524,0.6104540674861334
2012,Iğdır,0,Non-metropolitan,0.400818984403678,0.3844359466789923,0.6215727308197179,0.9300003132554757,0.6176240579898936,0.5908904066295515
2014,Iğdır,0,Non-metropolitan,0.3950352646634274,0.3805517962700652,0.7472776678856605,0.9389984119233746,0.6290733037464135,0.6181872888977883
2016,Iğdır,0,Non-metropolitan,0.4006863802576909,0.4097288673439074,0.7333752827495975,0.887390961304344,0.5883024076294717,0.6038967798570023
2018,Iğdır,0,Non-metropolitan,0.5029823093133988,0.333958749700758,0.8245111633600173,0.8719085921346552,0.5743998530408577,0.6215521335099374
2020,Iğdır,0,Non-metropolitan,0.5031459911407937,0.3193688847042188,0.8156962248776454,0.8502865179548164,0.6097307408245255,0.6196456719004
2008,Ardahan,0,Non-metropolitan,0.2588924387968233,0.29822204587472634,0.8755796764719421,0.9709881804984608,0.7713942463801146,0.6350153176044134
2010,Ardahan,0,Non-metropolitan,0.203604874059013,0.29222914746911133,0.8647540314347744,0.9649930343175233,0.7137646351343726,0.6078691444829588
2012,Ardahan,0,Non-metropolitan,0.23444535107132453,0.32398627927332707,0.8353816976860915,0.9628593459187826,0.7129338792588555,0.6139213106416763
2014,Ardahan,0,Non-metropolitan,0.1023600818450598,0.21711130962040212,0.7971250834213404,0.9537081177309895,0.6387651700018785,0.541813952523934
2016,Ardahan,0,Non-metropolitan,0.11858654564446384,0.240380922881915,0.7813319329203703,0.9527530189226963,0.6335598194941229,0.5453224479727136
2018,Ardahan,0,Non-metropolitan,0.14916308456795024,0.2537859785792632,0.8227680046982107,0.9651895559544529,0.6409020480334049,0.5663617343666564
2020,Ardahan,0,Non-metropolitan,0.2673722367914349,0.2829983539960572,0.7658241227598196,0.9725537071582251,0.6286018623214429,0.583470056605396
2008,Malatya,1,New-metropolitan (2012),0.10877303068390279,0.2913421880219934,0.36123789122719385,0.8029871713070169,0.43814034960769027,0.4004961261695594
2010,Malatya,1,New-metropolitan (2012),0.15744994702930717,0.2913458203765318,0.5943529858687916,0.7899664671048117,0.4636776056699676,0.45935856520988194
2012,Malatya,1,New-metropolitan (2012),0.15078435327831133,0.29256003727595326,0.6303329672422313,0.8116595485206121,0.38161720198108245,0.4533908216596381
2014,Malatya,1,New-metropolitan (2012),0.13543550527662124,0.2853673639712803,0.6737744626515263,0.8048442491720283,0.23010043602243638,0.42590440341877855
2016,Malatya,1,New-metropolitan (2012),0.15826941837632985,0.28691742241881035,0.4576566043881208,0.7663497518976,0.31948312621716773,0.39773526465960574
2018,Malatya,1,New-metropolitan (2012),0.1752993973444986,0.2807697394798748,0.41808647268770033,0.8100964322158457,0.30117707059310583,0.39708582246420504
2020,Malatya,1,New-metropolitan (2012),0.20776068888887406,0.2869895893300455,0.4966178521311538,0.8202322589889984,0.28489243214458665,0.4192985642967317
2008,Elazığ,0,Non-metropolitan,0.22447620828751713,0.29180866277841877,0.659620831389079,0.7695250746033566,0.48565568767639683,0.4862172929469536
2010,Elazığ,0,Non-metropolitan,0.209333532412796,0.29509437037480285,0.5430044290052485,0.8463789281692471,0.49223046325456465,0.47720834464333184
2012,Elazığ,0,Non-metropolitan,0.2012678571559903,0.30271834170586165,0.446015479266853,0.8598028679978724,0.42185337786875293,0.44633158479906604
2014,Elazığ,0,Non-metropolitan,0.1837012913490854,0.29404707390169416,0.502159474303425,0.8522650907425956,0.34215245654217347,0.4348650773677948
2016,Elazığ,0,Non-metropolitan,0.19999003339444105,0.28225874589615596,0.5241459592624107,0.84946042733972,0.3439956337217289,0.4399701599228913
2018,Elazığ,0,Non-metropolitan,0.22291947108127239,0.280568837659099,0.6524306272147844,0.845676128516591,0.35107264277044864,0.4705335414484392
2020,Elazığ,0,Non-metropolitan,0.25506795246406755,0.28690078845756684,0.6400042979145797,0.8207941890317929,0.32602403466449276,0.46575825250649994
2008,Bingöl,0,Non-metropolitan,0.2468913879583876,0.2531295010861759,0.6325077302404855,0.981453249274848,0.48562861037814126,0.5199220957876076
2010,Bingöl,0,Non-metropolitan,0.25924417631941205,0.25343418379612004,0.6131367828829988,0.9790096930783354,0.5587084900331759,0.5327066652220085
2012,Bingöl,0,Non-metropolitan,0.22832700218833638,0.24670392712941752,0.6333935256617654,0.9935665963738816,0.47109023329439587,0.5146162569295594
2014,Bingöl,0,Non-metropolitan,0.2461350362533012,0.23810889292102355,0.6921781745213986,0.9930736397836291,0.4544335970683841,0.5247858681095472
2016,Bingöl,0,Non-metropolitan,0.2302843398059701,0.2336201193856215,0.7800054516660053,0.9889201536177818,0.3843916993194738,0.5234443527589705
2018,Bingöl,0,Non-metropolitan,0.24235159610304674,0.2296551888775698,0.8443017037230052,0.9938915733651916,0.35357361146544547,0.5327547347068518
2020,Bingöl,0,Non-metropolitan,0.2515776691254509,0.2295389838654392,0.9039146230886338,0.9870589659437862,0.3523196949350073,0.5448819873916635
2008,Tunceli,0,Non-metropolitan,0.20028198911628653,0.12417308966394716,0.7751132655630951,0.9703887411496273,0.49466129513164914,0.5129236761249211
2010,Tunceli,0,Non-metropolitan,0.235844888239745,0.26142664239291286,0.7073683852686006,0.9561371273137331,0.6227496407065262,0.5567053367843036
2012,Tunceli,0,Non-metropolitan,0.2051119143877217,0.23184587910885757,0.8100175014506783,0.9665271738309612,0.4950427251696847,0.5417090387895808
2014,Tunceli,0,Non-metropolitan,0.188622416148566,0.1941861664525235,0.8331793865502309,0.958650103411208,0.40781329241695813,0.5164902729958973
2016,Tunceli,0,Non-metropolitan,0.2018153000603675,0.18362936059027465,0.8412907836378096,0.8545477417793401,0.433142294648118,0.502885096143182
2018,Tunceli,0,Non-metropolitan,0.20061504377003186,0.21837877357314728,0.8645335929619758,0.9470984876484478,0.3484748318382754,0.5158201459583757
2020,Tunceli,0,Non-metropolitan,0.20733576816598995,0.2357166796992071,0.8329375317252379,0.9501422835069191,0.3301210654843903,0.5112506657163489
2008,Van,1,New-metropolitan (2012),0.2699299074650578,0.24442789152441263,0.30016284450056857,0.9814982009387543,0.41848932282956125,0.44290163345167094
2010,Van,1,New-metropolitan (2012),0.2822114026706391,0.24698606773497978,0.27691664423319257,0.9849703690339009,0.5510845251989439,0.4684338017743312
2012,Van,1,New-metropolitan (2012),0.272501866603203,0.21964367950044122,0.22150698028449178,0.9817299797275127,0.4098577562232424,0.42104805246777827
2014,Van,1,New-metropolitan (2012),0.23846385283204113,0.2211932838615253,0.09009868421032152,0.9840344564597834,0.34749171840792076,0.3762563991543184
2016,Van,1,New-metropolitan (2012),0.3656274863297999,0.226800922977135,0.18731233541529668,0.979553774024223,0.3028312427212729,0.4124251522935455
2018,Van,1,New-metropolitan (2012),0.32026616545086367,0.2170825016314462,0.15109245414413075,0.9811594032228919,0.3083351410081026,0.39558713309148696
2020,Van,1,New-metropolitan (2012),0.3012014401745299,0.22684894145064619,0.19654362066208197,0.976152571871338,0.28929300731868746,0.3980079162954567
2008,Muş,0,Non-metropolitan,0.39207018771229696,0.3485913546904832,0.677399450376877,0.905848519222091,0.6834040523878356,0.6014627128779167
2010,Muş,0,Non-metropolitan,0.4958176592650765,0.36064911075779826,0.5864749968812568,0.8640142115063347,0.86312313455561,0.6340158225932153
2012,Muş,0,Non-metropolitan,0.46361563516492577,0.395991167091045,0.5686183225219863,0.8898166123508242,0.7166518454492085,0.6069387165155979
2014,Muş,0,Non-metropolitan,0.4732425232676772,0.33908008074911267,0.5701867893285382,0.876739956904257,0.65451774310039,0.582753418669995
2016,Muş,0,Non-metropolitan,0.46297171700252554,0.34346952199655445,0.6440664679246444,0.8111638628163564,0.5959349500455104,0.5715213039571182
2018,Muş,0,Non-metropolitan,0.4663316757974666,0.3696220168605876,0.638435889312256,0.8274473797914716,0.5776358290335352,0.5758945581590634
2020,Muş,0,Non-metropolitan,0.44121294804247313,0.34872840265345584,0.657973498064808,0.8132246141715327,0.5478810917921056,0.561804110944875
2008,Bitlis,0,Non-metropolitan,0.2710771319791017,0.23029572308468743,0.3331679447566204,0.8882753684501771,0.49066459011957014,0.4426961516780314
2010,Bitlis,0,Non-metropolitan,0.31906853014703973,0.2857788275892857,0.48139074942039595,0.7685377112025655,0.6170329427521994,0.4943617522222972
2012,Bitlis,0,Non-metropolitan,0.3164396533988978,0.301438079614644,0.5361801772939586,0.7744475187503482,0.5338589487767963,0.492472875566929
2014,Bitlis,0,Non-metropolitan,0.34524544494929815,0.3276050271668803,0.39317404931087596,0.7399301970030389,0.5053304591109659,0.4622570355082119
2016,Bitlis,0,Non-metropolitan,0.3319867868461787,0.32869756926544796,0.5490603463893992,0.7158528775208208,0.43968606142365085,0.4730567282890995
2018,Bitlis,0,Non-metropolitan,0.30622617270947183,0.32202639972557506,0.574877894518558,0.7473809265756681,0.430481930343294,0.47619866477451345
2020,Bitlis,0,Non-metropolitan,0.3645448444551186,0.339870082670186,0.6262162060878316,0.77395255478351,0.42588578204013555,0.5060938940073563
2008,Hakkari,0,Non-metropolitan,0.2653935341199661,0.3427379749464762,0.7139916402568317,0.9999858812912115,0.573151147141539,0.5790520355512049
2010,Hakkari,0,Non-metropolitan,0.2838503282070327,0.3129452087702256,0.7380200157236128,0.9831742659652027,0.6989635296037356,0.6033906696539619
2012,Hakkari,0,Non-metropolitan,0.26138276694354257,0.3036304002823524,0.8043866867292904,0.9998140768801349,0.5269114777292727,0.5792250817129185
2014,Hakkari,0,Non-metropolitan,0.2077713671575343,0.28084344954628965,0.7964376226040979,0.9998187779121288,0.47544887047481527,0.5520640175389733
2016,Hakkari,0,Non-metropolitan,0.20834977739496938,0.2772037786610166,0.8396710356427737,0.9997498567528103,0.4103607801329219,0.5470670457168983
2018,Hakkari,0,Non-metropolitan,0.200968212354393,0.2859688521093716,0.8623117124713233,0.9571928274154738,0.36999494995851906,0.5352873108618162
2020,Hakkari,0,Non-metropolitan,0.2286403591526061,0.28465373254662124,0.8542853402396889,0.9992956587916231,0.3318757859814461,0.5397501753423971
2008,Gaziantep,2,Old-metropolitan,0.11659049174647325,0.3200919407474891,0.3946589106641349,0.8289942538203956,0.2559629494078998,0.38325970927727854
2010,Gaziantep,2,Old-metropolitan,0.1388722959597928,0.3121840140074169,0.5907118576370997,0.799277905167742,0.3157730356504618,0.43136382168450266
2012,Gaziantep,2,Old-metropolitan,0.1451829640837384,0.3314645373732378,0.563964662878605,0.8351918872138221,0.26391145982998965,0.42794310227587856
2014,Gaziantep,2,Old-metropolitan,0.11026697287563772,0.31668951852002014,0.47102949502158575,0.8464690055985467,0.23277276841262698,0.39544555208568344
2016,Gaziantep,2,Old-metropolitan,0.1057489447461849,0.3095472664000086,0.2593318800509847,0.8288008057778695,0.2285541125357535,0.34639660190216026
2018,Gaziantep,2,Old-metropolitan,0.1354677988143149,0.3075900451147353,0.47770864160161425,0.8627417869821228,0.2767949650708154,0.41206064751672056
2020,Gaziantep,2,Old-metropolitan,0.14866437811307348,0.3038518595433536,0.4882035164996433,0.8556395393894465,0.22700327996122124,0.40467251470134763
2008,Adıyaman,0,Non-metropolitan,0.22196629593870396,0.4145979702902216,0.5662982019187223,0.5826129191804582,0.35256296371461443,0.4276076702085441
2010,Adıyaman,0,Non-metropolitan,0.242287826089228,0.3994139380237803,0.6331108080981459,0.7076551843916278,0.4264258710846361,0.4817787255374836
2012,Adıyaman,0,Non-metropolitan,0.248010874909494,0.3895112831223261,0.6796206416497304,0.6659060240499802,0.375092975123041,0.47162835977091433
2014,Adıyaman,0,Non-metropolitan,0.24852106245499023,0.38597652289328643,0.7289967311415728,0.6575045044314859,0.3666726749027635,0.47753429916481976
2016,Adıyaman,0,Non-metropolitan,0.23856737290654378,0.38067126020212516,0.7126166160822518,0.6647723896377344,0.33920305880516816,0.46716613952676467
2018,Adıyaman,0,Non-metropolitan,0.2219875926236823,0.3610692478103433,0.7336073873529881,0.725537827997272,0.36897610695584415,0.482235632548026
2020,Adıyaman,0,Non-metropolitan,0.22032477622267396,0.36435398170065664,0.6740952928204346,0.697379057636886,0.3662109323584423,0.46447280814781866
2008,Kilis,0,Non-metropolitan,0.1103725372258137,0.6884490620743711,0.6870265094406787,0.7575875867183359,0.4140926199164374,0.5315056630751274
2010,Kilis,0,Non-metropolitan,0.20372846345159887,0.7052660192982605,0.744935311884807,0.6888926173804114,0.5113172392796417,0.5708279302589438
2012,Kilis,0,Non-metropolitan,0.2661556841375158,0.5860145345081631,0.40858778785089456,0.681361959746172,0.4653490256072339,0.48149379836999595
2014,Kilis,0,Non-metropolitan,0.14848324655656747,0.6470116886602236,0.765079475008303,0.6381463331258566,0.480485035927907,0.5358411558557715
2016,Kilis,0,Non-metropolitan,0.2188554864355526,0.6309758489243648,0.3999845694065169,0.5057627335276038,0.40078701981735954,0.4312731316222795
2018,Kilis,0,Non-metropolitan,0.24368026329934594,0.5712266448880543,0.626709985807544,0.610223906893434,0.37326095310279844,0.48502035079823536
2020,Kilis,0,Non-metropolitan,0.25616949216937523,0.5614412210011355,0.3868366636819984,0.7729602037532726,0.32854567053318684,0.46119065022779376
2008,Şanlıurfa,1,New-metropolitan (2012),0.3123218039757893,0.4824624074603506,0.5513617279553205,0.18945400865053574,0.475856517429518,0.40229129309430284
2010,Şanlıurfa,1,New-metropolitan (2012),0.3560534808345872,0.47140726092424823,0.48998005268582334,0.0385136107077001,0.6466809364433154,0.4005270683191348
2012,Şanlıurfa,1,New-metropolitan (2012),0.36132323143714395,0.44331850628694414,0.4200339626054259,0.12288073516690695,0.5247028107096675,0.3744518492412177
2014,Şanlıurfa,1,New-metropolitan (2012),0.34327558957284476,0.43510784721895107,0.28993030405067394,0.444935594395389,0.5028822697063013,0.40322632098883204
2016,Şanlıurfa,1,New-metropolitan (2012),0.3248067158997846,0.42251170475363226,0.2551489878004818,0.21715411045777167,0.432153815055508,0.3303550667934357
2018,Şanlıurfa,1,New-metropolitan (2012),0.31557362202238365,0.4268066376330748,0.44552035077616453,0.1600658836030543,0.4629726735259186,0.36218783351211914
2020,Şanlıurfa,1,New-metropolitan (2012),0.3460101278159182,0.3730316108591084,0.47059591269553236,0.0,0.4498953448674297,0.32790659924759774
2008,Diyarbakır,2,Old-metropolitan,0.19074159101629015,0.39655074501189624,0.37477512085768117,0.6913000916730819,0.4520094388702511,0.42107539748584016
2010,Diyarbakır,2,Old-metropolitan,0.28112775729836476,0.3962756152076396,0.37455247612443704,0.6415945367131483,0.543604076828691,0.44743089243445616
2012,Diyarbakır,2,Old-metropolitan,0.27759295710380655,0.38289226049585406,0.3393659759784975,0.6142501721651028,0.4678408898303747,0.41638845111472705
2014,Diyarbakır,2,Old-metropolitan,0.2753677241244657,0.3655404334138137,0.45047465237634243,0.6218494957582391,0.44185090469203625,0.43101664207297946
2016,Diyarbakır,2,Old-metropolitan,0.27453843060018734,0.34802909931536885,0.4221270964740175,0.4995074142824658,0.38901058706422303,0.38664252554725254
2018,Diyarbakır,2,Old-metropolitan,0.2534301799756796,0.3327770859525049,0.44356430861242835,0.4668372961118885,0.4195110369739153,0.3832239815252833
2020,Diyarbakır,2,Old-metropolitan,0.26224877763625803,0.31691164947361034,0.4571418267536633,0.40546005481997127,0.41545563440711125,0.3714435886181228
2008,Mardin,1,New-metropolitan (2012),0.27373468333732015,0.3644211733494297,0.5071262649739496,0.317134320588003,0.393760512089814,0.3712353908677033
2010,Mardin,1,New-metropolitan (2012),0.33272327971725246,0.4762756887409522,0.5650106277564293,0.21661674834670464,0.649496992036749,0.44802466731961754
2012,Mardin,1,New-metropolitan (2012),0.3450524547840655,0.44849122953017595,0.5862325760138578,0.2582234488992125,0.5339519564400874,0.43439033313347986
2014,Mardin,1,New-metropolitan (2012),0.3476833739884055,0.44398402102910495,0.016227798675095995,0.5223571789428867,0.5078339216319854,0.3676172588534957
2016,Mardin,1,New-metropolitan (2012),0.32648394681500864,0.4186273525922461,0.34419165998367723,0.15896040830974845,0.4348567344109662,0.3366240204223293
2018,Mardin,1,New-metropolitan (2012),0.29833825087434357,0.3933188989840689,0.34856870268612816,0.14185431706732415,0.3881301689207522,0.3140420677065234
2020,Mardin,1,New-metropolitan (2012),0.2959760302167108,0.381703022990177,0.5704584958341117,0.12609344684566837,0.3675648496487582,0.34835916910708525
2008,Batman,0,Non-metropolitan,0.11471817040239936,0.325904285654203,0.22031906812053437,0.7848588386168079,0.2996366457762987,0.3490874017140487
2010,Batman,0,Non-metropolitan,0.2307644209392084,0.3521384741915915,0.21589071874007237,0.7403424092708981,0.532415876861113,0.41431038000057663
2012,Batman,0,Non-metropolitan,0.20723094031987327,0.3369246642910265,0.20339512484333,0.6919448864351729,0.4369397766610252,0.3752870785100856
2014,Batman,0,Non-metropolitan,0.2224310893260173,0.33053465221676825,0.24141070737112386,0.7241122332603571,0.40007947419487805,0.3837136312738289
2016,Batman,0,Non-metropolitan,0.19103322246432397,0.2990021918362193,0.09809024968335389,0.6586982153715519,0.3267103653814364,0.3147068489473771
2018,Batman,0,Non-metropolitan,0.19001188167690672,0.29236878798262167,0.2674536489489014,0.6814566083283727,0.3498959058111879,0.3562373665495981
2020,Batman,0,Non-metropolitan,0.18344212994125533,0.2851680771781563,0.2803875905471648,0.6553814333435406,0.33073629427435813,0.347023105056895
2008,Şırnak,0,Non-metropolitan,0.2273575937825126,0.28449269632979324,0.41067388699484275,0.8730065475202525,0.28318135619564677,0.41574241616460955
2010,Şırnak,0,Non-metropolitan,0.28708941516641057,0.3224143833827902,0.3000055437823512,0.8004022357596248,0.47757970444365666,0.43749825650696667
2012,Şırnak,0,Non-metropolitan,0.24413977953032454,0.2979739294428413,0.3055278439177531,0.7778987974910738,0.3765639364145303,0.4004208573593046
2014,Şırnak,0,Non-metropolitan,0.2534587159863262,0.29758409659102364,0.3717240914601992,0.8106770861529975,0.3481184826780764,0.41631249457372455
2016,Şırnak,0,Non-metropolitan,0.2217113006319343,0.2777256014522835,0.46517892701285235,0.7849451113445076,0.2593691921090768,0.40178602651013084
2018,Şırnak,0,Non-metropolitan,0.22623150166021272,0.28544899584547173,0.15352099516536316,0.6600643311831711,0.32576039664662176,0.3302052441001681
2020,Şırnak,0,Non-metropolitan,0.21371908908908385,0.27208583961594934,0.18819516249645019,0.6873554865076678,0.33319962105523837,0.33891103975287795
2008,Siirt,0,Non-metropolitan,0.1678378339570962,0.4765318299652151,0.6027541797231497,0.904926498387874,0.42521129054506,0.515452326515679
2010,Siirt,0,Non-metropolitan,0.2420303014954462,0.42477102442607767,0.3489378486231757,0.8938956616189209,0.7015134939673978,0.5222296660262036
2012,Siirt,0,Non-metropolitan,0.2242870227238986,0.40344682694260153,0.41367779140826916,0.8835976667320257,0.6193833737977478,0.5088785363209085
2014,Siirt,0,Non-metropolitan,0.1919967556358257,0.36440790447538557,0.5365685445968899,0.8353058305842367,0.6088007576755242,0.5074159585935724
2016,Siirt,0,Non-metropolitan,0.17648551238229004,0.3365719852315799,0.27715310411207156,0.8348549563954574,0.42726406331431105,0.41046592428714207
2018,Siirt,0,Non-metropolitan,0.1629781427683816,0.34945248384023186,0.39832412604091655,0.45617975096867197,0.46848552828299983,0.3670840063802404
2020,Siirt,0,Non-metropolitan,0.16843853402548825,0.35693226989108373,0.6190324465095813,0.8756386554903344,0.5716579253789146,0.5183399662590804
