YIL,BÖLGE KODU,BÖLGE ADI,Adrese Dayalý Nüfus Kayýt Sistemine göre yaþ grubu ve cinsiyete göre nüfus : Toplam,Tarýmsal üretim deðeri  : Bitkisel üretim deðeri  (1000 TL),Ortalama hanehalký büyüklüðü : Ortalama hanehalký büyüklüðü,Tahýllar ve diðer bitkisel ürünlerin hasat edilen alaný (hektar) : Toplam,Hanehalký tiplerine göre hanehalký sayýsý : Toplam,Niteliklerine göre örtü altý tarým alanlarý (dekar) : Toplam,Örtü altý sebze ve meyve üretimi (ton) : Toplam,Tahýllar ve diðer bitkisel ürünlerin üretim miktarý (ton) : Toplam,Adrese Dayalý Nüfus Kayýt Sistemine göre yaþ baðýmlýlýk oraný  : 15-64 yaþ grubu nüfus,Alan kullanýmý  : Ýþlenen tarým alaný / Ekilen (hektar),Ýçme ve kullanma suyu þebekesi ve arýtma tesisleri : Toplam çekilen su miktarý (1000 m3/yýl),Alan kullanýmý  : Ýþlenen tarým alaný / Nadas (hektar),Belediye atýk istatistikleri : Toplanan atýk miktarý (1000 ton),Kullaným yerlerine göre elektrik tüketimi : Tarýmsal faaliyetler (MWh),Alan kullanýmý  : Ýþlenen tarým alaný / Sebze (hektar),Ýçme ve kullanma suyu þebekesi ve arýtma tesisleri : Toplam arýtýlan içme ve kullanma suyu miktarý (1000 m3/yýl),Alan kullanýmý  : Toplam uzun ömürlü bitkilerin alaný (hektar)
2008,TR,Türkiye,71517100,66010114,4,15520257,,542158,5063265,74382684,47835090,16460257,4546574,4259190,24361,5806475,835795,2120561,2949981
2010,TR,Türkiye,73722988,80038126,"3,8",16239191,,563805,5750466,90579900,49516670,16333002,4784734,4249026,25277,5585508,801598,2520085,3010580
2012,TR,Türkiye,75627384,87946988,"3,7",15888286,,617760,6170827,92921409,51088202,15463376,4936342,4286137,25845,5849875,826736,2729430,3200961
2014,TR,Türkiye,77695904,98123089,"3,6",16057638,21091075,643442,6481820,99443102,52640512,15781817,5237407,4107618,28011,5161403,803576,2995001,3242811
2016,TR,Türkiye,79814871,119237661,"3,5",15893335,22206776,691724,7165241,110785755,54237586,15574639,5838561,3998296,31584,6805436,804142,3350389,3329217
2018,TR,Türkiye,82003882,159142178,"3,4",15782361,23221218,772091,8071026,115048445,55633349,15421497,6193158,3512773,32209,9278429,783632,3574058,3456910
2008,TR100,Ýstanbul,12697164,258569,"3,8",68391,,1462,8474,313740,8935641,68391,666000,-,5215,94765,3831,612293,2483
2010,TR100,Ýstanbul,13255685,261585,"3,8",63991,,1058,5740,242510,9355141,63991,931885,108,5731,72873,3867,812614,2807
2012,TR100,Ýstanbul,13854740,315623,"3,6",64766,,1422,5292,317338,9837334,64651,930825,498,5671,27144,3711,930825,2713
2014,TR100,Ýstanbul,14377018,348883,"3,5",65711,3973852,1553,5783,290051,10243634,65599,951497,171,6065,12821,3410,951497,2663
2016,TR100,Ýstanbul,14804116,369403,"3,5",67199,4150576,1591,4516,292705,10562075,67084,1018601,162,7035,45770,2965,983307,2714
2018,TR100,Ýstanbul,15067724,483449,"3,4",66563,4306967,1600,4820,300315,10729219,66462,1040965,156,7043,63053,2937,1040965,2727
2008,TR211,Tekirdað,770772,935080,"3,5",349672,,104,994,1433099,549303,349672,43382,-,372,13465,7193,2110,9247
2010,TR211,Tekirdað,798109,819878,"3,5",344676,,188,3527,1310936,566220,344677,43472,77,376,10091,5834,4619,9853
2012,TR211,Tekirdað,852321,1056660,"3,3",311898,,210,4252,1515914,607958,307972,43025,70,395,17475,5312,7348,9575
2014,TR211,Tekirdað,906732,1319714,"3,3",337753,268862,259,4314,1663033,644840,334565,46020,119,397,10135,5115,28670,9860
2016,TR211,Tekirdað,972875,1620585,"3,2",389398,291958,297,7699,1823541,687733,385271,62635,36,486,10436,4450,5452,10889
2018,TR211,Tekirdað,1029927,1953450,"3,2",385188,312645,319,7865,1589742,721245,382220,70058,-,500,18718,3406,8623,11498
2008,TR212,Edirne,394644,1161513,"3,2",335935,,80,804,1642778,283798,335938,16583,-,193,97976,11105,9145,3338
2010,TR212,Edirne,390428,1327241,"3,1",348689,,85,907,1797556,279588,348768,18269,111,194,97340,9328,6859,3447
2012,TR212,Edirne,399708,1199099,3,294541,,76,902,1614394,289003,288849,21907,155,224,114461,8507,13524,4574
2014,TR212,Edirne,400280,1659591,"2,9",305317,128719,91,940,1742789,288091,300319,20525,654,199,82425,6820,14836,5766
2016,TR212,Edirne,401701,1587660,"2,9",315278,133086,96,950,1685637,287261,307425,23247,645,179,99601,5754,12369,5891
2018,TR212,Edirne,411528,2175835,"2,8",309589,136980,89,735,1665229,292069,303128,24476,634,155,114347,5730,19180,4392
2008,TR213,Kýrklareli,336942,524585,"3,2",227999,,47,520,1024798,240389,228147,24410,1037,137,8273,4054,6349,1415
2010,TR213,Kýrklareli,332791,500409,"3,1",225707,,43,623,933720,236973,225707,17833,1127,144,10277,3753,5728,1771
2012,TR213,Kýrklareli,341218,604464,3,182372,,85,760,1050152,245731,174797,18416,10869,78,9267,3634,6798,2119
2014,TR213,Kýrklareli,343723,803756,3,225175,110222,62,253,1288133,247698,220172,14817,2258,130,7769,2585,5387,2275
2016,TR213,Kýrklareli,351684,883275,"2,9",235181,115109,72,303,1233498,252940,230611,20935,1748,129,18013,2251,6409,2355
2018,TR213,Kýrklareli,360860,1159081,"2,8",235197,119690,87,359,1299709,257421,231460,20997,927,127,9978,1863,5512,2761
2008,TR221,Balýkesir,1130276,1737117,"3,1",296556,,528,5675,1784370,782056,296556,62371,3391,415,213060,34661,30189,90636
2010,TR221,Balýkesir,1152323,1958786,3,271226,,519,6485,1690836,799932,271242,67447,15340,445,182780,31183,32238,91294
2012,TR221,Balýkesir,1160731,2119782,"2,9",313559,,614,7466,2095664,807077,303134,76703,14730,457,60579,31006,38345,93230
2014,TR221,Balýkesir,1189057,1973289,"2,8",289836,410437,645,7169,2201944,820895,277629,86966,18624,536,58403,29369,46482,95088
2016,TR221,Balýkesir,1196176,2530640,"2,8",284674,418435,692,8489,3275698,823658,270867,102922,20402,665,67865,27688,46201,94119
2018,TR221,Balýkesir,1226575,2727906,"2,7",269922,433775,672,8787,3439313,837517,254259,138060,18898,665,102239,25348,48622,95078
2008,TR222,Çanakkale,474791,1204712,"2,9",180826,,240,1510,969475,335242,180839,25797,18332,152,26642,19510,9750,45282
2010,TR222,Çanakkale,490397,1739453,"2,9",189399,,278,1445,1477336,348855,189399,27084,20492,155,31358,20170,10361,49480
2012,TR222,Çanakkale,493691,1907565,"2,8",192606,,309,2087,1964075,349739,185688,26268,16534,166,35582,20987,13536,51676
2014,TR222,Çanakkale,511790,1873084,"2,7",195702,178131,334,2524,2220858,361140,188731,23459,21917,175,25272,20529,14462,53196
2016,TR222,Çanakkale,519793,2201088,"2,7",202648,184030,368,2808,2317739,364280,196015,23853,19035,220,41296,20586,13929,55112
2018,TR222,Çanakkale,540662,3326007,"2,7",205968,192347,556,4667,2650747,376234,199074,26832,14992,262,38500,20431,15957,57056
2008,TR310,Ýzmir,3795978,2769679,"3,4",160784,,8037,165485,2436522,2712066,160804,217382,4373,1351,537962,41863,66470,139132
2010,TR310,Ýzmir,3948848,3375542,"3,3",162912,,8522,167099,3201720,2830431,162919,254621,4409,1686,612248,41149,194860,140623
2012,TR310,Ýzmir,4005459,4066898,"3,2",166609,,13641,181659,3430030,2861609,135181,300048,7080,1613,420287,43094,146400,142542
2014,TR310,Ýzmir,4113072,4238673,"3,1",173146,1295112,14994,202532,3937355,2926861,137051,269689,3565,1660,387134,40845,201707,146925
2016,TR310,Ýzmir,4223545,4817397,3,169743,1349952,15529,179188,4082608,2990943,134938,267435,3042,2026,429614,39309,229911,148516
2018,TR310,Ýzmir,4320519,4952432,3,170349,1401292,15726,165923,4346894,3036141,133505,324557,3127,2132,429958,37956,244872,148083
2008,TR321,Aydýn,965500,1536648,"3,3",156517,,6788,28123,1493257,662754,157169,58514,1962,374,94788,10839,5960,209258
2010,TR321,Aydýn,989862,1783161,"3,2",150055,,9963,43185,1677442,681665,150583,50084,2552,343,104394,11589,6275,210779
2012,TR321,Aydýn,1006541,2005986,"3,1",150891,,12033,51518,2335724,694123,132967,57943,3557,346,84978,11129,12847,215521
2014,TR321,Aydýn,1041979,2329530,3,161505,332705,13579,61438,2575442,716020,140490,87987,3292,431,77173,10907,13442,215544
2016,TR321,Aydýn,1068260,2710083,3,155357,347829,15066,68161,2616871,733902,134469,88220,3334,547,88619,10741,16929,216358
2018,TR321,Aydýn,1097746,3650106,"2,9",151856,364154,15018,69026,2987034,746716,129132,78499,2276,479,89553,9700,40690,215427
2008,TR322,Denizli,917836,1339402,"3,4",253392,,293,6270,1302097,628787,254613,73658,11168,280,55368,14529,105,78601
2010,TR322,Denizli,931823,1564767,"3,3",259656,,509,9596,1641852,640197,259667,58030,12134,280,51599,14612,220,81131
2012,TR322,Denizli,950557,1999253,"3,2",259416,,605,12249,1947624,657306,249791,69541,15694,306,64964,15205,164,85958
2014,TR322,Denizli,978700,2184829,"3,1",264909,305134,711,15199,2142478,677896,254281,64322,16692,361,66365,13287,164,83163
2016,TR322,Denizli,1005687,2477122,"3,1",249446,318423,878,17080,2180601,698287,239999,84252,19566,401,85950,13291,-,85807
2018,TR322,Denizli,1027782,3261560,3,244897,329679,1429,29792,2249569,710257,235946,90993,18698,402,84314,13558,-,87239
2008,TR323,Muðla,791424,1317677,"3,2",97474,,28396,368997,556505,553702,98355,65899,7248,399,38241,22414,14348,110695
2010,TR323,Muðla,817503,1950107,"3,1",86719,,32173,480780,601631,571647,88292,70930,8593,397,43065,22179,19597,114614
2012,TR323,Muðla,851145,2271437,3,92114,,32643,538689,747438,597003,84974,69523,14480,462,54334,20903,18489,116263
2014,TR323,Muðla,894509,2134166,"2,9",88768,295965,42651,557003,894965,624077,78435,108896,15993,536,41882,19088,29726,115864
2016,TR323,Muðla,923773,2462220,"2,9",86323,310104,38952,627112,1025408,645767,76574,80623,18157,660,72987,18225,30735,120393
2018,TR323,Muðla,967487,2843914,"2,9",89298,328694,39049,657380,1309888,673859,78390,135108,13710,674,47137,17202,34299,120485
2008,TR331,Manisa,1316750,2366435,"3,5",274737,,534,7902,1535770,903713,275867,74910,10516,474,302764,36473,11165,173066
2010,TR331,Manisa,1379484,2469709,"3,4",253958,,873,18557,1189726,965523,254704,61724,13140,481,209508,34926,15953,179491
2012,TR331,Manisa,1346162,2627956,"3,3",266383,,1359,31258,1315075,930221,258109,62420,10884,492,315080,33784,21073,185721
2014,TR331,Manisa,1367905,2750708,"3,2",265578,417105,1496,36698,1524623,944951,256255,73637,11675,619,364091,33776,1022,192580
2016,TR331,Manisa,1396945,3525892,"3,2",250951,431945,1708,39348,1540271,963486,241899,86301,11863,676,388548,33734,35099,205025
2018,TR331,Manisa,1429643,4754917,"3,1",246685,445837,2629,49578,1765287,980554,236106,76562,11601,642,377554,31449,40434,213694
2008,TR332,Afyonkarahisar,697365,989320,4,387981,,37,456,2191269,458981,388999,50097,110897,238,129555,8086,-,16004
2010,TR332,Afyonkarahisar,697559,1296014,"3,8",378540,,170,4096,2646974,459903,395492,44503,69259,247,92885,7831,9260,16790
2012,TR332,Afyonkarahisar,703948,1209395,"3,7",366975,,218,4774,2574903,469341,366478,43367,73516,249,120163,7493,14398,18083
2014,TR332,Afyonkarahisar,706371,1590468,"3,6",366501,191416,596,19541,2692300,472521,365465,31551,74790,238,112776,7107,12292,17090
2016,TR332,Afyonkarahisar,714523,1665219,"3,5",364808,196983,648,20966,2997149,479404,364045,32406,85106,207,140352,6938,10632,17658
2018,TR332,Afyonkarahisar,725568,2343891,"3,5",361254,203142,1140,31612,3090749,484992,359878,40065,80550,206,145774,7687,12876,18344
2008,TR333,Kütahya,565884,653128,"3,4",286299,,378,5014,1184635,392166,286361,38619,47050,269,4484,7047,8500,6633
2010,TR333,Kütahya,590496,629495,"3,3",255809,,337,5893,1017098,417881,257813,35781,48998,292,3416,7142,9483,7953
2012,TR333,Kütahya,573421,652634,"3,2",259505,,422,6886,989477,402861,260507,31405,45283,212,4995,6580,10711,7537
2014,TR333,Kütahya,571554,851206,"3,1",251237,174982,388,10765,1116346,400330,251487,34919,39372,175,6370,6486,6577,7963
2016,TR333,Kütahya,573642,989088,3,238825,179924,590,7839,1013450,400414,240525,27687,43529,156,7236,7272,6944,10397
2018,TR333,Kütahya,577941,1098897,3,242572,184030,609,8944,1363046,400949,244205,27976,55296,160,7503,6649,6529,10007
2008,TR334,Uþak,334111,481383,"3,5",186335,,278,5538,553153,227596,186335,23527,1639,109,20233,7224,1577,8004
2010,TR334,Uþak,338019,523537,"3,4",203021,,389,6810,729563,231178,204119,16903,1458,115,19068,6719,614,8105
2012,TR334,Uþak,342269,636855,"3,2",205663,,386,7120,738382,235723,214206,16073,759,124,24904,7160,4495,8402
2014,TR334,Uþak,349459,675497,"3,2",206742,107621,406,6587,706067,241456,206407,15642,1431,110,18580,7280,6526,8572
2016,TR334,Uþak,358736,884349,"3,1",198491,112184,570,8087,733292,249092,198106,16955,2218,144,20032,7424,6143,9297
2018,TR334,Uþak,367514,1100571,3,197967,116761,624,9402,806967,254494,197552,17687,3002,145,20132,7137,6840,8866
2008,TR411,Bursa,2507963,2210985,"3,7",190039,,561,5560,1534009,1747316,191698,133132,18852,849,50089,48092,98306,79434
2010,TR411,Bursa,2605495,2114469,"3,6",167149,,422,6350,1749833,1819200,183202,135375,17689,858,152370,43471,92892,78717
2012,TR411,Bursa,2688171,2497807,"3,5",173873,,767,12309,1700404,1879737,161585,128038,32439,860,99901,46834,101082,85503
2014,TR411,Bursa,2787539,3034408,"3,4",168609,805522,920,12570,2256010,1945824,153591,127248,24507,1011,76165,44053,101589,87315
2016,TR411,Bursa,2901396,3519084,"3,3",160932,851448,954,12740,2189456,2022158,145917,173017,22650,1178,98973,43065,115310,88615
2018,TR411,Bursa,2994521,5535648,"3,3",164557,890832,1098,13689,2727724,2072738,149300,187188,19922,1181,99485,41835,136645,92343
2008,TR412,Eskiþehir,741739,592338,"3,2",335286,,498,7047,1728568,530600,362873,42079,167038,273,144303,8955,35097,3723
2010,TR412,Eskiþehir,764584,834438,"3,1",332578,,1028,8810,1798997,547400,335675,41454,109367,274,88990,8976,35944,4328
2012,TR412,Eskiþehir,789750,940700,"2,9",326714,,2244,24505,2141928,567954,325770,44520,134686,243,121204,10214,38563,3942
2014,TR412,Eskiþehir,812320,1020024,"2,8",334475,278215,3191,26927,2475228,582837,361327,43237,210071,272,144170,10023,38468,4083
2016,TR412,Eskiþehir,844842,1590291,"2,8",358534,294919,3104,28596,3061375,603783,357965,55593,201380,318,146874,11062,43328,4212
2018,TR412,Eskiþehir,871187,1981285,"2,7",358444,308996,3835,48728,2966837,617014,357806,52667,176535,332,178042,9836,45936,4219
2008,TR413,Bilecik,193169,369771,"3,3",56475,,1348,23323,200227,131763,56480,12014,13004,73,7464,7878,150,11318
2010,TR413,Bilecik,225381,455955,"3,3",51435,,2270,38998,203974,164021,51435,17283,12833,73,11651,7701,158,11014
2012,TR413,Bilecik,204116,456000,"3,1",52888,,2681,39691,231065,142848,52918,11815,14323,80,6434,7824,-,11491
2014,TR413,Bilecik,209925,497746,"3,1",50746,63276,3593,52546,239540,147627,50866,11943,11613,76,5311,7770,-,11454
2016,TR413,Bilecik,218297,583580,3,52023,65854,3860,53374,209676,154296,52002,10938,11705,75,7172,6891,-,14583
2018,TR413,Bilecik,223448,681350,3,50132,68458,4561,56444,188848,157337,50072,10559,11771,75,5740,6619,-,14077
2008,TR421,Kocaeli,1490358,296545,"3,9",68387,,1079,8418,335477,1036700,68395,121950,8337,480,13099,3052,112418,12651
2010,TR421,Kocaeli,1560138,375594,"3,9",66410,,1712,11887,401624,1086304,66441,134757,5016,513,10663,3408,126916,12830
2012,TR421,Kocaeli,1634691,327572,"3,7",65571,,2383,15169,367135,1142572,64051,140095,8831,555,22018,3294,134875,12937
2014,TR421,Kocaeli,1722795,422616,"3,6",60132,472316,2239,16483,409932,1203598,58416,148738,9635,573,17521,3275,137548,12543
2016,TR421,Kocaeli,1830772,455347,"3,5",59018,509604,2317,17112,419893,1278747,57158,159166,9702,669,14078,3185,147725,12381
2018,TR421,Kocaeli,1906391,508466,"3,4",56420,538554,2191,17513,422067,1323923,54331,163628,8431,713,9961,3319,147773,12544
2008,TR422,Sakarya,851292,1052981,4,96540,,378,9315,1279899,578173,96909,64705,41,280,48548,10036,58315,80334
2010,TR422,Sakarya,872872,1125914,4,89443,,386,3159,1307375,595059,89463,65037,303,240,12754,8245,53411,80246
2012,TR422,Sakarya,902267,1282313,"3,8",97899,,642,4604,1322071,621528,90546,73893,1770,300,30249,7912,40693,80568
2014,TR422,Sakarya,932706,1451701,"3,7",89714,246518,1117,4634,1382987,643216,84186,93876,2742,340,26383,8589,74336,83758
2016,TR422,Sakarya,976948,1716834,"3,6",79975,262660,597,4099,1332872,676079,72962,122276,169,401,24412,8064,76525,86688
2018,TR422,Sakarya,1010700,1982186,"3,5",76701,280658,683,4315,1348666,696439,69914,122350,108,394,20106,7828,85114,88375
2008,TR423,Düzce,328611,370656,"3,9",20473,,43,234,196314,221785,20482,17149,23,102,9452,1281,12493,62896
2010,TR423,Düzce,338188,386387,"3,9",8078,,67,505,127433,229465,8088,16893,560,125,635,501,10934,62897
2012,TR423,Düzce,346493,502975,"3,7",9965,,110,834,188495,237946,9565,15559,22,130,11807,584,10288,62928
2014,TR423,Düzce,355549,604840,"3,6",11518,96484,99,920,256253,244873,10703,16140,-,122,9883,855,11962,62900
2016,TR423,Düzce,370371,640946,"3,5",11094,101838,102,953,249253,257383,10408,15695,-,116,8124,818,11322,62897
2018,TR423,Düzce,387844,611131,"3,4",10946,108087,103,985,268559,269539,10209,18204,-,109,5052,857,11077,63382
2008,TR424,Bolu,268882,357670,"3,6",102073,,40,875,670336,183819,102336,12676,21575,87,54168,1521,-,2921
2010,TR424,Bolu,271208,351180,"3,4",90753,,38,625,684633,184983,90887,13546,16502,92,3614,1143,5000,3891
2012,TR424,Bolu,281080,325630,"3,3",95987,,54,473,669888,193903,96256,14135,19312,104,38790,999,8500,3883
2014,TR424,Bolu,284789,692673,"3,2",91475,84977,39,292,700056,195161,92927,13386,18109,117,46698,1128,9035,3760
2016,TR424,Bolu,299896,405830,"3,1",93141,91562,56,352,678874,207904,93353,11639,19258,119,23566,1088,8448,3806
2018,TR424,Bolu,311810,382818,3,90366,95765,50,349,660830,215316,90378,13014,18824,116,19734,1036,9831,3815
2008,TR425,Yalova,197412,175066,"3,5",2978,,2710,29522,18465,137495,2978,27770,1886,79,4308,841,26746,5860
2010,TR425,Yalova,203741,174033,"3,4",3251,,1752,24976,13423,141393,3251,28018,2149,70,2021,857,27018,8113
2012,TR425,Yalova,211799,233337,"3,2",1507,,4625,27860,11693,147321,1481,27583,1378,76,3216,901,26545,8070
2014,TR425,Yalova,226514,214297,"3,1",3840,69750,3730,23522,19250,156933,3858,27414,2192,86,2097,659,26701,6275
2016,TR425,Yalova,241665,205051,"3,1",2708,75083,3578,20100,13946,166628,2708,29746,1112,93,4769,647,26753,5976
2018,TR425,Yalova,262234,258398,"3,1",3606,81912,3748,18049,19472,179542,3601,27097,1349,100,6546,588,26890,5389
2008,TR510,Ankara,4548939,1723148,"3,6",798839,,135,1461,1871925,3224367,798859,333466,331706,2166,148901,43808,312974,22124
2010,TR510,Ankara,4771716,2379090,"3,4",768008,,115,1326,2529661,3384382,768680,338112,314657,2002,184347,46679,320511,25488
2012,TR510,Ankara,4965542,2263642,"3,2",752476,,213,1841,2545875,3531946,752760,385673,325049,1881,187202,46394,364402,30681
2014,TR510,Ankara,5150072,2522435,"3,2",810284,1555245,356,2824,2439738,3664933,811335,393174,336528,2059,199868,43529,380075,29980
2016,TR510,Ankara,5346518,3459384,"3,1",811059,1646503,497,3958,3095583,3792003,813133,443129,317539,2220,188966,42662,429110,32650
2018,TR510,Ankara,5503985,4178414,"3,1",812992,1709882,576,5173,2929470,3883744,812567,475199,310875,2357,272959,37331,474197,29654
2008,TR521,Konya,1969868,2476915,4,1133916,,162,1674,7724048,1291169,1192120,141774,867655,643,801571,23005,21344,34099
2010,TR521,Konya,2013845,2925989,"3,9",1213156,,134,1065,9247810,1324541,1217431,123099,806484,653,659012,17242,26103,35764
2012,TR521,Konya,2052281,4075067,"3,7",1178426,,124,1909,10250713,1358532,1173464,134806,676860,706,1092440,19580,31377,38676
2014,TR521,Konya,2108808,5484624,"3,6",1274969,572716,198,3621,11305586,1402224,1293550,121065,556674,789,962568,19309,13932,39549
2016,TR521,Konya,2161303,6557832,"3,5",1390895,595966,186,4279,12939080,1443656,1399343,157232,498066,830,1333866,23279,22297,42852
2018,TR521,Konya,2205609,9286670,"3,5",1426352,616334,297,5400,13726277,1469218,1419703,168171,383502,857,1377602,30022,37435,53484
2008,TR522,Karaman,230145,1154180,"3,6",188218,,9,139,1145245,149342,200137,17064,32305,86,143011,17183,-,38668
2010,TR522,Karaman,232633,716584,"3,5",197153,,6,139,990063,152266,197153,11320,23405,63,125322,12969,-,31354
2012,TR522,Karaman,235424,1369981,"3,4",214837,,11,147,1323610,155910,215146,10905,52450,72,146095,13711,-,35334
2014,TR522,Karaman,240362,1828842,"3,3",245095,70469,22,179,1837288,160428,253260,9683,42500,82,171324,13487,-,33212
2016,TR522,Karaman,245610,2013642,"3,2",223640,73087,24,210,1949393,164667,264571,9991,23844,79,236638,13333,-,32127
2018,TR522,Karaman,251913,3058917,"3,2",261031,75573,22,258,2068089,169037,260243,12357,22733,81,230106,13774,-,33890
2008,TR611,Antalya,1859275,4554482,"3,6",224573,,196947,2485350,891141,1291693,224573,172848,42086,838,133597,47180,-,59378
2010,TR611,Antalya,1978333,7717584,"3,5",220396,,215669,3053326,838807,1380239,220622,180615,38192,896,146761,45180,-,63258
2012,TR611,Antalya,2092537,7368085,"3,3",215179,,239804,3112109,904830,1464878,208086,185915,42259,943,157379,47160,-,70154
2014,TR611,Antalya,2222562,7433242,"3,2",215425,663840,248253,3192788,926389,1558010,206222,222209,39249,1016,184719,47987,-,72630
2016,TR611,Antalya,2328555,8217244,"3,2",193733,714015,268340,3476061,875484,1634883,184631,248663,54376,1148,223641,50667,-,74787
2018,TR611,Antalya,2426356,10754311,"3,1",189789,758236,283283,3788241,1009563,1696485,180884,290971,50646,1293,190097,50842,-,77138
2008,TR612,Isparta,407463,994051,"3,4",112285,,641,5952,540733,280508,112349,33744,31204,136,45863,4872,12450,33020
2010,TR612,Isparta,448298,1081313,"3,3",124616,,626,5563,699265,319951,128667,30867,35122,140,47034,5128,12760,36866
2012,TR612,Isparta,416663,1304524,"3,1",125968,,1342,8706,568045,288213,125798,32189,37315,146,52195,5406,14856,38458
2014,TR612,Isparta,418780,1401380,"3,1",131779,131450,2226,13538,609287,288693,134980,24816,28371,143,50510,5279,13589,39785
2016,TR612,Isparta,427324,1478134,3,132852,136296,3095,25585,651787,294934,132141,27056,26321,161,57188,5496,14026,41300
2018,TR612,Isparta,441412,2187010,"2,9",123994,144774,4788,52135,657601,305388,123174,33021,32162,164,61493,5600,16799,41574
2008,TR613,Burdur,247437,415592,"3,1",133334,,844,12648,733144,165880,133531,17260,12207,71,28549,6009,-,11710
2010,TR613,Burdur,258868,539856,"3,1",129795,,1112,12859,880183,176582,131586,15056,10331,72,22351,5492,-,16206
2012,TR613,Burdur,254341,645792,3,126808,,1980,24144,929694,172052,124540,12978,15322,70,29723,6123,-,16199
2014,TR613,Burdur,256898,775656,"2,9",130729,84598,2681,33968,1041994,174148,128023,11101,11027,74,30334,6149,-,14601
2016,TR613,Burdur,261401,856741,"2,9",122954,87098,7464,101693,1036060,178204,119998,12728,8976,89,31628,6347,-,14644
2018,TR613,Burdur,269926,980337,"2,8",125850,90592,9109,113542,1131152,184804,122793,16616,9894,97,35935,6462,-,15276
2008,TR621,Adana,2026319,2463418,"4,2",461987,,136042,731896,2677343,1354301,461987,162923,7838,771,99004,32059,144914,53543
2010,TR621,Adana,2085225,3137061,"4,2",451955,,119954,677739,2287169,1399026,452836,165840,7595,826,96410,31943,142954,58262
2012,TR621,Adana,2125635,2998811,4,439450,,98962,632270,2477371,1430097,378434,159903,8832,614,154264,31151,135265,62348
2014,TR621,Adana,2165595,3661380,"3,9",445375,548384,94479,625200,2659569,1457213,394096,172216,8384,667,162342,28203,137836,67507
2016,TR621,Adana,2201670,4544696,"3,8",434975,570479,107471,718551,2795831,1481970,383122,166975,8935,715,202898,30927,146048,68398
2018,TR621,Adana,2220125,6755182,"3,7",415165,587253,150729,970160,2700383,1484000,367594,179967,9026,793,175972,34619,148236,74208
2008,TR622,Mersin,1602908,3906631,"3,8",206016,,124499,903501,761950,1083252,206074,125171,26661,599,100640,36740,99538,115569
2010,TR622,Mersin,1647899,4033073,"3,8",200446,,122713,876325,618556,1115723,200723,110021,27854,565,128989,34394,88405,116688
2012,TR622,Mersin,1682848,4329428,"3,6",233558,,155538,1098250,775504,1141152,224796,99236,25364,567,136770,31036,82782,120111
2014,TR622,Mersin,1727255,4681033,"3,5",217955,483225,158846,1209683,758475,1171684,208248,124720,21467,637,165055,30766,86307,124331
2016,TR622,Mersin,1773852,6154276,"3,4",206945,507271,167170,1322917,728944,1204478,195194,152465,26469,774,227786,31561,106357,129031
2018,TR622,Mersin,1814468,8448637,"3,4",156611,526512,196555,1591653,655796,1225410,144765,148981,22533,708,209277,32849,109137,139507
2008,TR631,Hatay,1413287,2180537,"4,4",156282,,11106,53922,891848,909570,156282,71710,-,403,192701,36856,25,73948
2010,TR631,Hatay,1480571,2263009,"4,4",158225,,11009,41230,777458,962822,158225,78937,-,377,147066,36611,0,78279
2012,TR631,Hatay,1483674,2271737,"4,2",144842,,10382,40856,789498,957191,130962,94558,6752,360,133959,34847,270,82478
2014,TR631,Hatay,1519836,2259373,4,146404,368476,10487,47259,809602,983785,133781,141220,2720,393,194524,31112,1602,82868
2016,TR631,Hatay,1555165,2567770,"3,9",138502,388144,11110,50518,911910,1008241,127482,100696,1076,509,169686,28664,1135,86259
2018,TR631,Hatay,1609856,3216779,"3,9",123725,409037,11096,52421,802642,1042048,110900,104365,1840,711,224624,25357,1135,90455
2008,TR632,Kahramanmaraþ,1029298,1199526,"4,7",274733,,41,968,1256787,643344,276418,69613,29642,254,54699,8517,-,51673
2010,TR632,Kahramanmaraþ,1044816,1209399,"4,6",278471,,40,400,1341355,652586,278534,65744,11519,256,48624,9863,-,58394
2012,TR632,Kahramanmaraþ,1063174,1248897,"4,3",223476,,42,391,1347349,666272,216672,62650,28609,248,51192,10369,0,66854
2014,TR632,Kahramanmaraþ,1089038,1415293,"4,2",243388,258032,46,490,1589513,686156,236915,78538,49556,309,88705,10492,-,69380
2016,TR632,Kahramanmaraþ,1112634,1733957,4,238333,272809,250,1480,1622539,706119,235739,123065,42971,284,45623,9718,879,56110
2018,TR632,Kahramanmaraþ,1144851,2303134,"3,9",242331,286148,457,8397,1707738,728783,236640,146126,53828,318,76945,9543,20604,59793
2008,TR633,Osmaniye,464704,632936,"4,4",132130,,1158,8721,757673,299154,132130,27827,176,101,16857,4712,-,12151
2010,TR633,Osmaniye,479221,922938,"4,3",148815,,1039,7827,965808,309152,148815,24516,47,107,14557,4353,-,13223
2012,TR633,Osmaniye,492135,836724,"4,1",126400,,539,4101,727571,319009,104002,27640,191,110,11842,4468,-,12244
2014,TR633,Osmaniye,506807,813451,"3,9",113923,126156,134,1200,687209,329528,99772,24022,734,143,20934,3434,-,15798
2016,TR633,Osmaniye,522175,985149,"3,8",114129,134757,18,166,733351,341294,98580,26456,510,151,15616,3550,-,16885
2018,TR633,Osmaniye,534415,1234169,"3,6",109882,143301,17,207,727537,348319,94857,26545,683,135,21216,7680,-,17849
2008,TR711,Kýrýkkale,279325,163559,"3,7",156941,,-,-,254053,190532,185011,26774,100728,128,14498,2927,21900,3047
2010,TR711,Kýrýkkale,276647,255447,"3,5",161212,,-,-,413389,189238,181958,23149,102984,133,4566,2368,18250,2877
2012,TR711,Kýrýkkale,274727,328738,"3,3",178041,,-,-,415009,189524,178045,19275,103225,41,3499,2496,15971,2928
2014,TR711,Kýrýkkale,271092,373652,"3,2",151409,81979,-,-,422385,187710,177613,14503,125835,74,4829,2407,12508,3171
2016,TR711,Kýrýkkale,277984,462991,"3,1",148862,85184,-,-,459911,193603,169266,14125,132983,76,4554,2472,12621,2926
2018,TR711,Kýrýkkale,286602,749055,3,197024,89646,16,117,592869,199038,197014,14174,99721,78,7273,1708,13068,3316
2008,TR712,Aksaray,370598,590940,"4,3",246967,,27,198,1885715,239995,255404,24872,125431,105,142805,9227,12325,6010
2010,TR712,Aksaray,377505,830895,"4,2",257204,,37,73,2072005,245159,257204,21301,139748,112,166394,9379,7014,6322
2012,TR712,Aksaray,379915,817777,4,240938,,51,73,2114700,248671,238296,22114,122064,107,173920,9834,12284,5073
2014,TR712,Aksaray,384252,1126024,"3,8",240004,99064,49,73,3094305,251635,249711,14226,152074,108,186783,9881,8341,4261
2016,TR712,Aksaray,396673,1232003,"3,6",258120,106490,70,358,3602843,261616,256010,21922,140536,105,252231,10796,15675,3977
2018,TR712,Aksaray,412172,1670575,"3,5",260066,112833,152,3439,4041838,271422,258399,23373,116458,122,253294,11271,17228,3969
2008,TR713,Niðde,338447,758736,"3,9",154209,,-,-,1218145,216483,154209,21692,75586,147,175923,5048,725,28962
2010,TR713,Niðde,337931,938920,"3,8",159488,,-,-,1377460,216287,159488,23754,72753,117,185571,5449,-,29400
2012,TR713,Niðde,340270,1013520,"3,6",173212,,-,-,1536248,220051,173522,29910,80986,120,161585,5786,-,29974
2014,TR713,Niðde,343898,1260155,"3,5",160063,95207,-,-,1359753,224121,160065,17057,81961,103,137040,5708,-,30924
2016,TR713,Niðde,351468,1547299,"3,4",158082,99953,-,-,1813932,232007,158082,16935,75418,95,152464,6681,1698,32802
2018,TR713,Niðde,364707,2398815,"3,3",160281,105510,-,-,1820104,242729,160302,22105,71980,109,163838,7395,4920,33403
2008,TR714,Nevþehir,281699,507941,"3,8",203821,,15,129,1014296,185134,224563,17581,73833,114,158423,6988,2495,25076
2010,TR714,Nevþehir,282337,682604,"3,7",233318,,24,273,1335216,186179,233318,19340,51470,107,147348,15134,3343,24238
2012,TR714,Nevþehir,285190,673743,"3,5",230864,,75,1963,1213889,190083,230987,20784,72464,111,142337,16227,6246,21850
2014,TR714,Nevþehir,286250,906865,"3,4",228457,82984,88,2107,1039992,191201,228577,17328,65231,110,115409,17886,6000,21888
2016,TR714,Nevþehir,290895,964251,"3,3",224862,85756,93,2142,1338077,195470,224872,17489,68856,87,150378,19183,5639,22028
2018,TR714,Nevþehir,298339,1308043,"3,2",220030,89311,90,1997,1190028,200355,220039,18411,60209,86,162512,23051,4581,23099
2008,TR715,Kýrþehir,222735,372948,"3,9",256123,,28,39,736445,150860,256404,17595,105066,96,13543,3355,-,2545
2010,TR715,Kýrþehir,221876,585253,"3,6",301091,,236,277,1172293,151061,305012,24045,87170,87,18406,2688,-,2841
2012,TR715,Kýrþehir,221209,571282,"3,3",264655,,317,2108,1028096,151824,264751,21463,129128,143,17698,2305,-,3504
2014,TR715,Kýrþehir,222707,487481,"3,2",235035,66733,410,3793,834121,153290,236385,18807,123553,78,18348,2273,-,4076
2016,TR715,Kýrþehir,229975,675178,"3,1",232954,69576,258,4707,1018150,159056,232955,18588,159146,76,28697,1905,-,3513
2018,TR715,Kýrþehir,241868,1064729,"3,1",262352,73087,278,4758,996673,166110,262352,17214,82323,74,27200,1694,-,3731
2008,TR721,Kayseri,1184386,698792,"4,2",364944,,2,10,2130026,782879,368138,83999,217395,424,109543,10854,-,13376
2010,TR721,Kayseri,1234651,872347,4,382200,,10,350,2492495,818866,382367,87822,194258,463,107740,11977,-,14605
2012,TR721,Kayseri,1274968,952594,"3,8",356834,,13,220,2520167,848510,355753,79111,224091,406,130967,27012,-,15264
2014,TR721,Kayseri,1322376,1396369,"3,6",345373,354520,46,549,2656717,882671,345268,91287,210439,417,112233,29029,-,15511
2016,TR721,Kayseri,1358980,1519223,"3,5",351879,374534,58,985,3060069,910012,350609,111434,194200,430,142143,33530,-,16097
2018,TR721,Kayseri,1389680,2096009,"3,5",362533,390268,57,1097,3174740,930209,364048,115622,157915,476,255874,34718,-,19543
2008,TR722,Sivas,631112,401145,"4,3",392734,,50,278,1401895,410457,392948,50929,156800,207,44974,658,17500,2454
2010,TR722,Sivas,642224,570269,4,475198,,83,611,2953429,423708,475198,41265,480268,183,20282,702,14000,2708
2012,TR722,Sivas,623535,631123,"3,7",459106,,75,491,2174571,410186,459992,42333,308279,206,33838,965,19717,2630
2014,TR722,Sivas,623116,814204,"3,5",489482,172033,87,494,2166045,409463,491394,39614,313825,185,27118,776,19754,2732
2016,TR722,Sivas,621224,990431,"3,4",477652,174640,133,637,2519740,411413,477672,54410,318847,206,28283,1125,25160,3499
2018,TR722,Sivas,646608,1260901,"3,3",476234,184539,160,721,2351865,431278,477116,50141,298612,193,36739,1413,24553,4018
2008,TR723,Yozgat,484206,662054,"4,2",495408,,7,56,2147748,312385,499770,37596,216553,150,60374,4111,945,6534
2010,TR723,Yozgat,476096,895629,4,490164,,19,385,2814956,309436,490253,35697,239740,122,48057,3703,1261,5861
2012,TR723,Yozgat,453211,897634,"3,7",460284,,34,816,2511494,296839,460462,32462,228812,137,63342,3139,1325,6186
2014,TR723,Yozgat,432560,1008714,"3,4",450102,123118,41,1005,2531099,285015,453769,27576,160184,127,66478,2737,1450,12261
2016,TR723,Yozgat,421041,1316232,"3,3",440000,124765,33,839,2867119,278463,440217,28217,154332,132,67043,3248,1516,7907
2018,TR723,Yozgat,424981,1573861,"3,2",457781,128205,28,777,2524193,280450,457898,30386,144106,123,101072,3279,4398,5653
2008,TR811,Zonguldak,619151,188489,"3,7",38160,,687,4388,91771,436874,38763,30304,-,159,806,2415,11604,25032
2010,TR811,Zonguldak,619703,235826,"3,6",34500,,845,6019,95447,438303,34778,42000,119,148,1070,2422,20792,25067
2012,TR811,Zonguldak,606527,272074,"3,4",29638,,915,6126,145108,427918,29713,41584,810,179,1173,2952,21951,25031
2014,TR811,Zonguldak,598796,384582,"3,3",25886,178780,983,5964,151067,421793,25858,39481,831,184,899,2980,23801,25223
2016,TR811,Zonguldak,597524,441362,"3,1",22977,184670,1087,6212,145033,420323,23696,37236,832,155,912,3030,25172,25686
2018,TR811,Zonguldak,599698,349803,3,21952,190657,1138,6375,155333,420431,21934,36966,581,161,6736,3047,25447,26260
2008,TR812,Karabük,216248,63227,"3,4",28627,,401,5806,64234,148496,28627,11460,23650,61,761,1257,3630,481
2010,TR812,Karabük,227610,64374,"3,3",26409,,402,5658,101663,159445,26409,11782,23000,66,1356,1207,1996,557
2012,TR812,Karabük,225145,86757,"3,1",26897,,410,5396,94309,157732,26934,9293,20683,64,1611,1055,5282,587
2014,TR812,Karabük,231333,97838,"3,1",26717,69955,491,5510,100335,163220,26717,19066,19466,75,1357,1039,7750,615
2016,TR812,Karabük,242347,99889,"2,9",25808,74470,608,5740,87960,172726,25808,21358,23890,81,1664,1008,11018,652
2018,TR812,Karabük,248014,87579,"2,9",18402,78473,455,6030,68226,175315,18402,19848,14325,91,4243,657,21120,364
2008,TR813,Bartýn,185368,124280,"3,7",38365,,1200,16185,387546,126823,40395,7916,2710,39,340,1623,4606,5195
2010,TR813,Bartýn,187758,156143,"3,5",40101,,1409,17282,436340,129058,41105,8488,2710,49,1092,1649,5071,4471
2012,TR813,Bartýn,188436,207341,"3,4",39888,,1647,19421,447930,130552,37964,6462,1080,50,1297,1764,5133,5473
2014,TR813,Bartýn,189405,229826,"3,3",37066,56386,1674,15551,396747,130839,35398,6764,-,41,2198,1744,5523,7376
2016,TR813,Bartýn,192389,257037,"3,1",32033,59013,1725,16125,377727,133570,30477,7154,-,61,2200,1741,5634,7301
2018,TR813,Bartýn,198999,252811,"3,1",31135,62553,1763,16488,384107,138184,29701,6890,-,71,2927,1740,5580,7549
2008,TR821,Kastamonu,360424,461964,"3,6",147319,,333,4952,725643,236550,147319,15865,31773,113,3560,7207,4313,10895
2010,TR821,Kastamonu,361222,470239,"3,4",120665,,424,4352,696455,237160,121127,14175,32597,114,5215,6286,5390,10156
2012,TR821,Kastamonu,359808,404403,"3,3",112301,,396,2536,514636,237297,112363,16254,27769,128,5695,5660,6650,9985
2014,TR821,Kastamonu,368907,503492,"3,1",112258,112286,398,2457,741979,243854,112096,13676,29199,130,6084,5274,5417,9792
2016,TR821,Kastamonu,376945,623537,3,109586,117542,369,2846,691192,251232,110069,16898,24349,82,4915,5463,8188,11490
2018,TR821,Kastamonu,383373,650305,3,104321,122237,371,2877,757391,255046,104263,17338,17938,90,8629,5281,9319,11779
2008,TR822,Çankýrý,176093,265233,"3,5",122078,,118,1297,397106,114824,122078,11774,60353,50,1742,6325,1079,2303
2010,TR822,Çankýrý,179067,300577,"3,3",120896,,74,645,475002,116515,120946,12402,61289,54,3672,5880,881,2274
2012,TR822,Çankýrý,184406,293308,"3,1",124658,,75,722,384818,121679,124769,10270,68959,69,4494,6315,7059,2460
2014,TR822,Çankýrý,183550,388481,3,131598,59155,90,1051,466383,121399,131568,12335,72572,65,4449,6481,10015,2484
2016,TR822,Çankýrý,183880,446915,"2,9",130321,60738,108,1414,496550,121583,130316,13679,75627,74,4477,6605,11094,2470
2018,TR822,Çankýrý,216362,405339,3,120868,67856,122,1360,402457,145471,120822,13394,76240,72,4975,4833,11273,1335
2008,TR823,Sinop,200791,185803,"3,4",69235,,280,1348,212430,128892,69607,9127,28847,58,5582,3405,-,2878
2010,TR823,Sinop,202740,244052,"3,3",57249,,521,2211,345400,130322,57393,8554,29126,64,1902,3049,-,2809
2012,TR823,Sinop,201311,314749,"3,1",55578,,401,2359,385023,130036,54933,8304,29719,66,3038,3077,-,2894
2014,TR823,Sinop,204526,352109,3,51937,66743,368,2370,371749,131887,51037,13173,34767,58,1984,3124,7000,2977
2016,TR823,Sinop,205478,370596,"2,9",46198,68582,357,2340,343600,132299,45102,15936,27910,60,2097,3039,8760,2989
2018,TR823,Sinop,219733,463278,"2,9",45400,72254,357,2343,325399,142643,44220,11299,26500,65,1296,3023,5800,3015
2008,TR831,Samsun,1233677,1978858,"4,1",267242,,9994,93759,1450182,825303,267243,88963,13021,292,48495,31264,51241,96524
2010,TR831,Samsun,1252693,2096649,"3,9",237355,,20489,125156,1741047,845201,237356,76421,16047,309,26854,33789,55674,92075
2012,TR831,Samsun,1251722,2416607,"3,7",244719,,21195,133276,1800639,850582,232940,84639,20057,331,36741,34393,61274,92440
2014,TR831,Samsun,1269989,2390062,"3,6",246294,346830,21512,130357,1904733,867576,230658,86998,19683,370,55784,32236,75584,93518
2016,TR831,Samsun,1295927,2855398,"3,4",242121,365637,20535,130868,2032759,887640,229019,98772,21526,509,35430,28908,89231,97329
2018,TR831,Samsun,1335716,2773239,"3,4",232051,382947,3224,31758,1879439,913109,219838,115298,20575,402,39545,16734,95459,117831
2008,TR832,Tokat,617158,1125257,"4,2",238800,,616,5364,1538261,405518,239231,46469,28189,170,10827,19941,339,14108
2010,TR832,Tokat,617802,1184807,"3,9",240349,,482,4883,1685532,408522,241032,45541,29286,198,5008,19513,266,14349
2012,TR832,Tokat,613990,1180062,"3,6",247507,,613,7416,1449865,406381,246048,44106,33718,232,4487,21171,214,14792
2014,TR832,Tokat,597920,1290305,"3,4",243865,168557,657,9651,1341634,397333,243189,33701,34833,131,6720,20150,231,14735
2016,TR832,Tokat,602662,1822460,"3,3",234848,174906,903,13719,1767939,403277,232653,32552,35505,169,5650,18755,191,14942
2018,TR832,Tokat,612646,2347247,"3,3",236194,180641,1159,21716,1689119,411104,234018,39595,35964,181,6875,17540,250,14468
2008,TR833,Çorum,545444,754148,"3,8",414020,,156,1353,1238168,357339,414020,26306,130387,157,19815,10329,6404,11652
2010,TR833,Çorum,535405,887662,"3,6",386817,,200,1804,1542552,350310,389235,25347,200514,158,17947,8729,9284,11002
2012,TR833,Çorum,529975,936411,"3,3",346555,,230,3934,1212840,349005,346227,29135,196818,177,20214,10387,11351,10543
2014,TR833,Çorum,527220,941370,"3,2",351826,162355,289,4156,1133098,347987,352074,27324,177886,168,15391,8396,12494,10474
2016,TR833,Çorum,527863,1405360,"3,1",353222,166692,443,6905,1470484,347730,352472,27397,162169,159,16650,9735,14370,8477
2018,TR833,Çorum,536483,1748184,3,358971,171705,546,8907,1497407,352575,358266,29914,143784,155,23107,10521,10537,9113
2008,TR834,Amasya,323675,765776,"3,8",180560,,1119,16701,952747,216399,180560,22032,17720,128,22985,16868,786,4706
2010,TR834,Amasya,334786,830716,"3,6",180441,,1337,34053,1065485,227056,180441,19945,15874,123,28625,15621,834,5104
2012,TR834,Amasya,322283,796378,"3,4",181037,,2392,53048,1054474,215026,181257,20120,21216,100,19567,16644,161,5761
2014,TR834,Amasya,321913,797333,"3,3",176879,95863,3024,65877,1016355,215241,178365,20545,34009,82,24589,12477,161,6309
2016,TR834,Amasya,326351,1364632,"3,2",179842,99471,4405,95094,1523523,218713,179394,21210,33256,84,20574,11016,-,6747
2018,TR834,Amasya,337508,1715034,"3,1",179846,102763,4584,98408,1381613,227424,179975,23124,31159,89,24957,10026,-,7517
2008,TR901,Trabzon,748982,535855,"3,9",30761,,114,796,202222,505590,30766,63722,-,139,1917,2448,45086,68815
2010,TR901,Trabzon,763714,623743,"3,7",22693,,118,866,175662,516504,22693,59893,-,148,1136,2684,39583,78817
2012,TR901,Trabzon,757898,766447,"3,5",20710,,102,1087,152709,517075,20786,66273,-,161,1270,2768,46984,80604
2014,TR901,Trabzon,766782,796103,"3,4",13469,219923,122,873,76867,523524,13483,63796,-,186,1128,2774,50925,81613
2016,TR901,Trabzon,779379,1095286,"3,3",13634,230334,142,1134,71886,533568,13658,81885,-,224,1909,2554,66616,81908
2018,TR901,Trabzon,807903,1366181,"3,2",11832,243127,189,1482,70594,552955,11852,92016,-,237,879,2504,73407,80905
2008,TR902,Ordu,719278,1036245,"3,9",37869,,153,3132,124111,471481,37878,34460,6223,136,1260,1810,14160,214620
2010,TR902,Ordu,719183,738363,"3,7",27801,,374,1901,85748,471765,27808,38317,4003,151,660,1296,15527,201132
2012,TR902,Ordu,741371,919174,"3,4",24919,,205,1087,76097,492786,24951,37084,3990,149,410,1346,17342,227630
2014,TR902,Ordu,724268,953851,"3,2",21581,218840,182,2600,56588,483206,21601,52866,5293,186,276,1278,36366,227733
2016,TR902,Ordu,750588,1208638,"3,1",14308,236196,204,2473,44935,504366,14309,56897,10504,231,362,1322,36186,227653
2018,TR902,Ordu,771932,2122474,"3,1",13091,244784,207,2594,47452,520225,13340,48189,10405,257,274,1307,33060,227721
2008,TR903,Giresun,421766,700164,"3,6",32098,,191,890,75297,275953,32258,20735,6587,69,300,2972,-,106066
2010,TR903,Giresun,419256,509921,"3,4",29553,,158,661,67480,275654,29569,21187,6437,85,221,2128,-,121062
2012,TR903,Giresun,419555,742923,"3,2",27175,,166,699,55729,279827,27218,19710,13359,115,375,2383,-,125274
2014,TR903,Giresun,429984,422072,3,25181,136859,168,720,49913,289010,25187,30578,13762,113,468,2739,-,120046
2016,TR903,Giresun,444467,702523,"2,9",23402,146909,164,733,58893,300250,23454,24131,14530,132,336,2734,-,119768
2018,TR903,Giresun,453912,876203,"2,8",21716,154909,197,793,59691,308276,21735,20183,12657,119,421,2661,140,119374
2008,TR904,Rize,319410,650893,4,675,,1,-,1706,215577,675,14899,-,71,391,392,9130,53653
2010,TR904,Rize,319637,934143,"3,8",567,,-,-,1118,216355,567,13643,-,59,273,381,6535,53719
2012,TR904,Rize,324152,1073048,"3,5",457,,-,-,949,221803,456,11381,-,64,287,352,5870,53701
2014,TR904,Rize,329779,1303051,"3,4",373,94444,-,-,626,226223,373,14090,-,79,331,331,9757,53881
2016,TR904,Rize,331048,1568363,"3,3",283,98095,-,-,335,228288,283,16290,-,98,5,283,10927,52916
2018,TR904,Rize,348608,2441047,"3,3",249,102937,-,-,362,241879,249,15215,-,100,136,288,11582,55379
2008,TR905,Artvin,166584,258614,"3,7",13446,,135,992,125562,110950,14905,9188,412,33,89,1896,4267,24362
2010,TR905,Artvin,164759,276267,"3,5",11930,,88,699,108327,109392,11930,9909,447,31,80,2074,4192,22183
2012,TR905,Artvin,167082,323272,"3,3",9577,,86,681,69726,112587,9637,8528,6110,32,238,1467,3209,21561
2014,TR905,Artvin,169674,377214,"3,1",7686,52438,93,919,45948,114346,7846,9477,5477,38,356,1014,3490,19110
2016,TR905,Artvin,168068,516852,3,5458,54092,96,1018,36953,113500,5516,8036,5201,43,141,945,1442,19098
2018,TR905,Artvin,174010,644500,3,5103,55274,143,1224,36788,118290,5124,8032,4500,45,285,991,1378,19367
2008,TR906,Gümüþhane,131367,142862,4,47930,,91,549,202508,84350,47930,7038,20637,23,2231,834,-,1354
2010,TR906,Gümüþhane,129618,143337,"3,7",46795,,51,350,238150,84209,46875,7310,26330,26,571,793,-,1569
2012,TR906,Gümüþhane,135216,168221,"3,4",47549,,59,363,236595,90541,47682,7416,29264,33,426,682,-,1553
2014,TR906,Gümüþhane,146353,170759,"3,2",44730,41477,74,369,218676,100491,45540,8293,19014,35,1164,702,-,1623
2016,TR906,Gümüþhane,172034,280364,"3,5",42883,45683,99,489,261253,120101,43011,6181,21286,45,1026,831,320,1679
2018,TR906,Gümüþhane,162748,315097,"3,1",42855,47528,114,578,261723,114368,42855,7742,37163,36,981,894,952,1999
2008,TRA11,Erzurum,774967,244674,5,270836,,113,1862,958497,481815,276896,58081,133614,205,4196,1263,3600,1687
2010,TRA11,Erzurum,769085,313052,"4,8",231510,,116,1533,1866930,480543,231510,70297,111890,188,3929,817,50000,1609
2012,TRA11,Erzurum,778195,327959,"4,6",268672,,121,1533,1656346,495188,269706,71108,108382,200,4815,959,51105,1631
2014,TRA11,Erzurum,763320,467612,"4,2",247011,174007,125,1432,1961889,488465,247724,70213,108674,179,3668,885,51127,1602
2016,TRA11,Erzurum,762021,479643,4,236887,180369,160,2023,1939170,495672,236887,85848,107089,202,3608,959,58222,1770
2018,TRA11,Erzurum,767848,586614,"3,9",238347,186924,177,2208,2121764,503993,238349,96691,99379,209,2192,963,58223,1627
2008,TRA12,Erzincan,210645,287733,"3,9",113496,,36,672,621816,139132,113500,18891,44377,72,14887,3401,-,3505
2010,TRA12,Erzincan,224949,361543,"3,6",98208,,62,1062,868188,153200,98208,21272,40575,83,17508,3033,-,3471
2012,TRA12,Erzincan,217886,398548,"3,4",100782,,70,1133,775053,147385,100969,25071,26581,85,14830,3421,-,3533
2014,TRA12,Erzincan,223633,442418,"3,2",94559,64067,72,1158,764818,151660,95120,17521,25535,97,11676,3507,-,3542
2016,TRA12,Erzincan,226032,496548,"3,1",93433,67102,86,995,950541,154035,93692,15833,30804,101,9113,3452,-,3383
2018,TRA12,Erzincan,236034,607788,3,87195,70358,133,1781,875387,162148,87270,15938,29518,95,11932,2904,88,3452
2008,TRA13,Bayburt,75675,49242,"4,4",60742,,8,36,323050,48133,60751,4091,33153,17,758,177,-,186
2010,TRA13,Bayburt,74412,70638,"4,2",62283,,22,220,356360,47860,62283,4633,4175,18,515,167,-,161
2012,TRA13,Bayburt,75797,69624,"3,9",65078,,21,209,536217,50267,65383,4993,24314,17,496,147,-,52
2014,TRA13,Bayburt,80607,84776,"3,6",79186,21244,23,230,624447,53426,79386,3978,23297,21,384,631,-,54
2016,TRA13,Bayburt,90154,128560,"3,5",83823,24282,21,229,769554,62030,84594,2336,19096,17,325,637,-,54
2018,TRA13,Bayburt,82274,138679,"3,4",85653,22201,23,217,1101217,55937,85654,4226,11163,16,142,237,-,132
2008,TRA21,Aðrý,532180,121292,"6,7",223909,,-,-,693792,295003,249962,22369,81559,89,-,540,4920,45
2010,TRA21,Aðrý,542022,178549,"6,7",246719,,-,-,1753843,301325,247786,25892,100363,105,90,913,0,75
2012,TRA21,Aðrý,552404,175975,"6,4",244963,,-,-,1100919,313266,246208,21400,121795,127,832,821,609,122
2014,TRA21,Aðrý,549435,213198,"5,9",245499,90624,-,-,1048612,317408,250040,27396,119227,137,1136,1158,6917,74
2016,TRA21,Aðrý,542255,220498,"5,4",237224,96861,39,2001,1210382,319812,239795,32272,120048,146,76,684,18084,74
2018,TRA21,Aðrý,539657,275547,5,229426,103182,48,2520,1106163,324287,231850,28277,121194,159,230,520,14726,156
2008,TRA22,Kars,312128,159369,"5,3",248941,,-,-,486884,195961,249781,12551,57366,64,1500,-,948,937
2010,TRA22,Kars,301766,103924,"5,2",203035,,-,-,514199,185440,203285,11622,32870,67,179,-,2510,684
2012,TRA22,Kars,304821,141002,"4,9",236075,,-,-,642805,190337,237180,13906,136891,86,611,-,6210,685
2014,TRA22,Kars,296466,173745,"4,4",207306,64462,-,-,581279,187034,207591,20094,1148,77,591,-,10170,777
2016,TRA22,Kars,289786,129211,"4,1",197767,66722,-,-,585797,185256,199384,20490,1919,87,505,2,10120,889
2018,TRA22,Kars,288878,167852,4,206477,68538,-,-,668408,187068,207305,23019,1053,86,153,-,10730,1715
2008,TRA23,Iðdýr,184025,136595,"5,5",54420,,9,91,434231,112334,54420,6536,17544,42,35,2753,-,2337
2010,TRA23,Iðdýr,184418,110447,"5,3",50160,,5,57,523577,111779,50160,6001,23692,46,168,2636,-,3626
2012,TRA23,Iðdýr,190409,141953,"5,1",49577,,10,57,680077,117643,48849,6025,6520,61,17,4130,-,4274
2014,TRA23,Iðdýr,192056,198791,"4,6",50608,40060,10,57,727420,119631,49933,5403,11844,57,711,5318,-,4463
2016,TRA23,Iðdýr,192785,340755,"4,4",54489,42067,40,193,792205,121010,53443,5417,4099,63,725,5790,-,5324
2018,TRA23,Iðdýr,197456,331810,"4,2",74303,44517,42,490,2198442,125587,72787,5485,20914,55,833,3313,-,5920
2008,TRA24,Ardahan,112242,39277,"4,8",59119,,-,-,135585,71968,59187,4821,10368,14,4,28,-,159
2010,TRA24,Ardahan,105454,15299,"4,5",37266,,-,-,82715,66765,38368,4343,1443,17,-,10,-,69
2012,TRA24,Ardahan,106643,19776,"4,2",65954,,-,-,118857,69177,66510,4228,5718,23,-,14,-,64
2014,TRA24,Ardahan,100809,15612,"3,8",20116,25809,-,-,30603,65008,23715,5641,9148,22,140,12,-,77
2016,TRA24,Ardahan,98335,45286,"3,5",24098,26884,-,-,40068,64150,24099,5919,4022,25,-,8,-,53
2018,TRA24,Ardahan,98907,57682,"3,3",33846,28027,-,-,61050,65325,33846,5757,5033,25,-,11,-,59
2008,TRB11,Malatya,733789,710425,"4,5",95936,,13,151,204323,481372,142969,58916,98267,271,73637,5061,-,79509
2010,TRB11,Malatya,740643,681068,"4,3",132326,,-,-,383665,486593,132373,48547,99984,208,69151,4900,-,81681
2012,TRB11,Malatya,762366,926882,4,119103,,6,-,395151,506271,118601,48995,85518,227,82560,5546,-,85067
2014,TRB11,Malatya,769544,352629,"3,8",92506,197284,7,-,353521,511614,115013,39900,82941,264,91983,5595,-,86724
2016,TRB11,Malatya,781305,1321658,"3,7",110934,206879,9,-,474474,521089,110520,85231,79520,250,99745,4996,-,91587
2018,TRB11,Malatya,797036,1567189,"3,6",108908,214106,9,-,593241,532189,108364,94780,74751,271,100620,4234,-,90648
2008,TRB12,Elazýð,547562,436525,"4,4",114524,,121,170,530734,362829,115326,30603,43185,142,71671,4441,467,27646
2010,TRB12,Elazýð,552646,438421,"4,2",105483,,87,610,484008,367847,105611,33012,26952,198,35985,4897,467,24466
2012,TRB12,Elazýð,562703,492142,4,110176,,94,589,480192,378455,109321,34741,18991,259,32505,5945,407,23389
2014,TRB12,Elazýð,568753,470638,"3,7",107304,148255,356,3225,422070,384510,106571,34545,19996,269,37802,5881,422,24418
2016,TRB12,Elazýð,578789,763340,"3,6",104961,156406,379,3700,515126,394137,103920,35591,37738,272,35305,6405,271,26359
2018,TRB12,Elazýð,595638,997385,"3,5",107582,162118,1114,15807,566201,405491,106550,49920,45281,165,50282,6909,287,27830
2008,TRB13,Bingöl,256091,89254,"5,4",23849,,-,-,247780,161627,24354,10565,9372,63,1333,1615,-,2704
2010,TRB13,Bingöl,255170,86416,"5,2",23654,,-,-,285390,161582,23666,11714,7515,65,1655,1509,-,2875
2012,TRB13,Bingöl,262507,71049,"4,8",18913,,-,-,242350,170124,23350,13005,7024,69,322,1501,-,3176
2014,TRB13,Bingöl,266019,91046,"4,4",21810,58211,-,-,313798,174487,23125,12868,8072,71,564,1184,-,3582
2016,TRB13,Bingöl,269560,117029,"4,1",20047,63164,-,-,296520,177942,20088,13571,7209,60,306,1173,-,3473
2018,TRB13,Bingöl,281205,133822,"3,9",18567,68920,40,1000,349560,186745,18670,14543,7106,52,481,1192,-,3321
2008,TRB14,Tunceli,86449,44531,"3,7",33102,,6,97,79018,63018,33765,4071,48948,25,75,601,-,1725
2010,TRB14,Tunceli,76699,52959,"3,4",36637,,4,33,106522,53822,36731,5355,13729,23,124,339,-,1938
2012,TRB14,Tunceli,86276,60354,"3,1",34371,,6,43,99222,63915,34570,5663,19021,23,348,443,-,2189
2014,TRB14,Tunceli,86527,47701,"2,9",31771,25187,6,47,90831,63003,31801,5700,27355,24,420,405,-,2231
2016,TRB14,Tunceli,82193,68412,"2,8",28109,25705,4,33,101565,59481,28109,5797,28438,22,7893,434,-,2234
2018,TRB14,Tunceli,88198,90114,"2,8",28843,27640,5,39,107719,63628,28843,5809,19333,23,1210,456,-,2320
2008,TRB21,Van,1004369,153042,"6,9",196655,,47,639,917666,559985,209679,77669,74329,182,2067,1295,-,4145
2010,TRB21,Van,1035418,150632,7,216730,,78,398,1038733,582634,220417,76824,77588,202,759,1268,-,3976
2012,TRB21,Van,1051975,155562,"6,4",215486,,79,419,1063896,610479,220358,74710,114584,292,2895,1323,-,4408
2014,TRB21,Van,1085542,193664,"5,8",208233,184000,15,95,906786,643422,214610,94296,109079,381,3130,1641,-,5001
2016,TRB21,Van,1100190,255828,"5,3",210833,201722,87,1371,2840073,666877,213118,90258,97753,407,2097,1781,14980,5423
2018,TRB21,Van,1123784,372672,"5,1",178277,214859,158,2415,2077138,692990,180145,86269,101803,531,2721,2262,14980,5743
2008,TRB22,Muþ,404309,150299,"6,9",220743,,-,-,1000688,224382,228717,18685,49072,46,2977,2345,-,543
2010,TRB22,Muþ,406886,251993,"6,8",224660,,-,-,2257551,226414,224660,23199,48801,49,1662,3192,-,767
2012,TRB22,Muþ,413260,225412,"6,6",218781,,-,-,1851688,235883,220364,23473,23559,58,2303,3229,-,828
2014,TRB22,Muþ,411216,297200,6,217714,67063,-,-,2180278,239768,217784,25464,52872,64,1209,3489,-,851
2016,TRB22,Muþ,406501,390359,"5,4",212605,73529,-,-,2215302,241059,212575,24858,42815,64,2810,3679,-,985
2018,TRB22,Muþ,407992,642397,"5,1",215589,78294,-,-,2415028,245336,215561,26289,21421,70,1944,3856,-,1227
2008,TRB23,Bitlis,326897,136344,"6,4",78269,,5,31,328179,183827,78638,21274,39563,79,7648,755,-,1802
2010,TRB23,Bitlis,328767,148021,"6,4",82620,,-,-,491916,187055,82654,17788,14468,68,22672,676,-,1927
2012,TRB23,Bitlis,337253,152045,"6,1",83058,,-,-,518250,198531,86021,18682,9500,65,23024,1040,-,3055
2014,TRB23,Bitlis,338023,275533,"5,5",113921,58880,-,-,726296,202063,114851,32652,16700,58,27597,2269,305,4390
2016,TRB23,Bitlis,341225,369498,5,109693,65506,-,-,725337,208360,109904,27340,14647,61,35894,3011,400,5491
2018,TRB23,Bitlis,349396,534867,"4,7",102593,71174,-,-,641114,217215,102881,29013,11645,63,39048,3177,400,6293
2008,TRB24,Hakkari,258590,158780,"7,8",39413,,2,32,202767,150560,39720,9090,1950,28,5,2047,-,3439
2010,TRB24,Hakkari,251302,148279,"7,8",32424,,9,49,230025,145722,32424,8267,1850,27,5,1252,-,3724
2012,TRB24,Hakkari,279982,149925,"7,4",31826,,1,6,224039,176626,32199,8858,1900,27,24,1545,-,3856
2014,TRB24,Hakkari,276287,143875,"6,6",26362,38835,2,12,153531,175650,26362,6813,2676,44,26,1523,-,3270
2016,TRB24,Hakkari,267813,158477,"5,9",28802,42490,9,49,167025,173233,28813,6558,2039,45,37,1423,-,3154
2018,TRB24,Hakkari,286470,177503,"5,5",33638,46163,5,13,179198,193662,33712,7034,875,50,57,1772,-,4439
2008,TRC11,Gaziantep,1612223,889712,"4,9",107046,,7,151,456853,973781,152792,145564,10583,411,113287,7519,78321,153488
2010,TRC11,Gaziantep,1700763,1247068,"4,9",147117,,-,-,630276,1027855,147329,100367,7019,413,151590,6151,69909,148361
2012,TRC11,Gaziantep,1799558,1348680,"4,6",156893,,-,-,762634,1095726,151425,107480,3192,523,119849,8986,71012,203403
2014,TRC11,Gaziantep,1889466,1160076,"4,4",142265,418051,-,-,550665,1162019,148634,148470,3852,584,137454,8787,117989,200315
2016,TRC11,Gaziantep,1974244,2215832,"4,3",128987,452400,-,-,554556,1224669,138460,243305,2243,637,151978,8957,158160,204195
2018,TRC11,Gaziantep,2028563,4368596,"4,2",131326,472294,-,-,843464,1256976,124660,165759,781,651,149475,9872,107539,210601
2008,TRC12,Adýyaman,585067,415371,"5,3",232500,,39,239,459214,359457,234738,29049,300,152,117549,4184,-,37679
2010,TRC12,Adýyaman,590935,577093,"5,2",202684,,130,1635,549906,367240,202684,29288,559,134,45066,4525,-,38572
2012,TRC12,Adýyaman,595261,658667,"4,9",189149,,143,1704,618849,374616,187637,26482,1520,145,47875,5572,40,39436
2014,TRC12,Adýyaman,597835,890375,"4,6",192643,128465,122,1478,669446,377169,190823,24639,1025,150,52447,5923,445,42551
2016,TRC12,Adýyaman,610484,1181221,"4,4",186841,136885,173,2156,647666,386876,185147,27590,621,162,39075,5897,437,49174
2018,TRC12,Adýyaman,624513,2057911,"4,2",178110,144097,191,2375,596812,394469,177093,28727,645,167,68217,4611,4373,51992
2008,TRC13,Kilis,120991,172693,"4,6",43635,,-,-,33775,73285,43635,5676,2967,31,8062,12439,3154,38320
2010,TRC13,Kilis,123135,338162,"4,5",47832,,-,-,96696,74713,47837,4101,-,35,9538,13602,3862,38491
2012,TRC13,Kilis,124320,193542,"4,2",52268,,12,36,182109,76410,51584,5414,1129,71,10696,2697,5138,47735
2014,TRC13,Kilis,128781,347656,"3,9",40200,31474,15,87,66208,80772,40007,4739,4273,41,13203,6582,4409,54526
2016,TRC13,Kilis,130825,425749,"3,7",44106,33232,15,94,142781,82540,42591,11048,4332,61,18544,6382,10102,51296
2018,TRC13,Kilis,142541,589496,"3,7",40510,36585,15,90,194541,90516,39160,8329,4091,53,20671,4853,7412,54840
2008,TRC21,Þanlýurfa,1574224,2136883,"6,4",701933,,191,2356,2180326,859011,898160,84880,118961,270,485890,22695,51407,109530
2010,TRC21,Þanlýurfa,1663371,3189759,"6,5",994974,,233,3131,3205069,906833,995174,93933,142381,311,681544,17828,54759,103762
2012,TRC21,Þanlýurfa,1762075,3679138,"6,3",890825,,522,6998,3549428,970002,786087,101992,150605,407,575249,20592,55277,114666
2014,TRC21,Þanlýurfa,1845667,3838376,"6,1",970291,299693,518,6873,3342818,1026458,883790,109064,162799,575,65265,20315,61760,114684
2016,TRC21,Þanlýurfa,1940627,4557958,"5,8",909061,331270,758,10170,3130125,1090471,840122,115500,154500,694,406942,19655,83000,140948
2018,TRC21,Þanlýurfa,2035809,7964193,"5,6",815762,359197,993,14404,3088515,1147041,791208,120818,85607,544,1912329,20198,85000,157357
2008,TRC22,Diyarbakýr,1492828,833624,"6,3",351898,,328,1436,727244,877952,539587,91717,39066,360,82573,20977,51850,28537
2010,TRC22,Diyarbakýr,1528958,1484288,"6,2",546034,,248,2810,1680581,901644,546092,94086,22962,380,84744,15886,57000,26345
2012,TRC22,Diyarbakýr,1592167,1745998,"5,9",521205,,441,5785,1742564,957164,516729,92577,12165,487,63821,16741,61000,25203
2014,TRC22,Diyarbakýr,1635048,2080473,"5,4",559724,294140,550,7520,1903058,993459,555333,71455,18352,567,65163,15474,66230,25546
2016,TRC22,Diyarbakýr,1673119,2623776,"5,1",540945,321901,474,6635,2070145,1028230,537636,79793,12675,635,178621,13795,75178,25731
2018,TRC22,Diyarbakýr,1732396,3216571,"4,8",525470,350488,462,6579,1907962,1070752,522321,88037,11754,672,434540,14110,82443,22282
2008,TRC31,Mardin,750697,555356,"6,8",151186,,60,621,716678,425558,282036,31132,56535,165,223712,8334,631,22474
2010,TRC31,Mardin,744606,1056682,"6,7",301094,,206,2117,1137431,421130,301094,30824,10554,147,208174,8919,0,40252
2012,TRC31,Mardin,773026,1226738,"6,3",320507,,286,2973,1370380,449551,261226,29390,12506,173,187839,9161,0,39632
2014,TRC31,Mardin,788996,1434690,"5,9",338195,130445,304,2928,1533277,464299,277434,68878,5745,300,19528,9651,-,38925
2016,TRC31,Mardin,796237,1713009,"5,4",312535,144069,237,2346,1445266,475411,256579,65434,7241,208,292237,10272,-,39666
2018,TRC31,Mardin,829195,1972757,"5,1",305417,157532,250,2532,1266684,500683,258165,73815,4846,221,501061,8430,0,43038
2008,TRC32,Batman,485616,109873,"6,9",40951,,-,-,95587,266417,86223,32631,10403,123,9729,5149,-,6968
2010,TRC32,Batman,510200,298594,"6,9",110682,,-,-,334922,284908,110784,46227,2158,113,2776,3456,-,9140
2012,TRC32,Batman,534205,279609,"6,4",108721,,-,-,304823,307068,108404,48667,1108,131,3350,3121,-,11631
2014,TRC32,Batman,557593,384232,"6,1",101196,90351,25,400,379668,327523,99895,48725,766,132,2650,4295,-,10195
2016,TRC32,Batman,576899,457501,"5,7",89188,98569,45,810,309829,347212,88518,55888,374,194,3581,2945,4507,9751
2018,TRC32,Batman,599103,506750,"5,5",78804,107302,280,5320,294819,366400,78213,56619,295,152,25625,3060,389,12208
2008,TRC33,Þýrnak,429287,65301,"8,2",44686,,1,3,229943,228777,93710,11163,4399,110,6341,578,0,441
2010,TRC33,Þýrnak,430109,160185,"8,4",96285,,-,-,376977,224426,98301,13659,3276,119,8093,623,0,1602
2012,TRC33,Þýrnak,466982,169652,"7,9",87192,,-,-,301483,257424,88458,15614,4402,132,6109,627,0,1826
2014,TRC33,Þýrnak,488966,258478,"7,3",95620,63214,-,-,370564,276914,93004,16718,4236,139,2336,900,-,2076
2016,TRC33,Þýrnak,483788,227096,"6,7",73180,69294,-,-,301382,279176,71835,10212,2737,183,13073,982,-,2331
2018,TRC33,Þýrnak,524190,309982,"6,4",95737,76565,-,-,356161,313909,93214,31892,7625,207,42567,1213,7200,4583
2008,TRC34,Siirt,299819,117461,"7,1",76678,,11,168,103637,162837,78354,9230,1560,61,2952,2021,-,32715
2010,TRC34,Siirt,300695,303325,7,70288,,25,450,209442,163406,70425,17139,633,67,1460,1670,-,23862
2012,TRC34,Siirt,310879,396542,"6,5",62501,,25,439,199530,176089,62417,16302,742,75,104,1686,2160,26632
2014,TRC34,Siirt,318366,539977,6,52617,50813,25,442,163814,184434,52557,15001,1485,74,597,2017,12889,22330
2016,TRC34,Siirt,322664,373789,"5,5",51689,55609,50,368,156228,191383,51659,21137,11533,114,979,2262,12150,23296
2018,TRC34,Siirt,331670,616838,"5,2",45497,59196,53,848,144705,201365,50867,19776,5015,111,8376,1861,10010,31789
