series,Year,estimate,se,p,ci_low,ci_high
Waste collected (log),2008,0.0009745604570662469,0.06673018564541121,0.9883477156018705,-0.1298166034079397,0.13176572432207223
Waste collected (log),2010,-0.022498978252694788,0.05065540704935289,0.6569287269525168,-0.12178357606942644,0.07678561956403687
Waste collected (log),2012,0.0,0.0,,0.0,0.0
Waste collected (log),2014,0.20787519467328958,0.04852977348839869,1.8401173008360336e-05,0.11275683863602814,0.302993550710551
Waste collected (log),2016,0.25589064515538923,0.05150738367347227,6.763367206654275e-07,0.1549361731553836,0.35684511715539485
Waste collected (log),2018,0.3083231163370407,0.05935610419870014,2.0531105575595125e-07,0.19198515210758843,0.42466108056649293
Waste collected (log),2020,0.26996507654276153,0.07041829478803045,0.0001262121446467082,0.13194521875822185,0.4079849343273012
Waste collected (log),2022,0.23161901574129493,0.07770015033241907,0.0028737077010490835,0.07932672108975355,0.3839113103928363
Waste collected (log),2024,0.24492108208868538,0.07368269263952693,0.0008873700882897331,0.1005030045152126,0.38933915966215815
"Municipal coverage share (log), derived from water",2008,-0.003080449695645832,0.010921588442755866,0.7779040709764218,-0.024486763043447327,0.018325863652155664
"Municipal coverage share (log), derived from water",2010,0.0024638165853433022,0.00526721275263039,0.6399528137057809,-0.007859920409812262,0.012787553580498866
"Municipal coverage share (log), derived from water",2012,0.0,0.0,,0.0,0.0
"Municipal coverage share (log), derived from water",2014,0.26936739145308364,0.038957385357913106,4.698097530444354e-12,0.19301091615157395,0.3457238667545933
"Municipal coverage share (log), derived from water",2016,0.2423417082950416,0.03976807044209769,1.102087249365287e-09,0.16439629022853014,0.32028712636155304
"Municipal coverage share (log), derived from water",2018,0.27807567961425306,0.035736042897806845,7.173844903607325e-15,0.20803303553455166,0.34811832369395446
"Municipal coverage share (log), derived from water",2020,0.260314865536846,0.03655740868268933,1.0736909010113932e-12,0.18866234451877495,0.3319673865549171
"Municipal coverage share (log), derived from water",2022,0.24573400300020715,0.03623373212458836,1.1859525001970267e-11,0.17471588803601396,0.31675211796440034
