Year,estimate,se,ci_low,ci_high,p,period
2008,-0.009254799230804812,0.013974448111811474,-0.0366447175299553,0.018135119068345674,0.5078008829178304,pre
2010,-0.001600197565586684,0.009455893855421548,-0.020133749522212915,0.01693335439103955,0.8656176758905108,pre
2012,0.0,0.0,0.0,0.0,,ref (2012)
2014,-0.04118222574862608,0.012212076111891505,-0.06511789492793343,-0.01724655656931873,0.0007455558437466616,post
2016,-0.045591755647641626,0.011053005883149168,-0.06725564717861399,-0.023927864116669258,3.710108210761644e-05,post
2018,-0.0451332376138955,0.015511647257896855,-0.07553606623937334,-0.01473040898841766,0.003618506374205796,post
2020,-0.04890784004190391,0.01704067250210034,-0.08230755814602059,-0.015508121937787243,0.0041038725157947886,post
2022,-0.038313599456715454,0.01567486474659651,-0.06903633436004461,-0.007590864553386294,0.014514565157482107,post
2024,-0.026306672134044046,0.01829705738047353,-0.06216890459977216,0.00955556033168407,0.15050379252190033,post
