# (a) Animal-product value, sum of 81 provinces / national row, by year
Year,sum of provinces / national
2008,1.000000041986848
2010,0.9999999213179145
2012,0.3850558680257422
2014,0.6042489454577641
2016,0.43613700896161767
2018,0.49184033771128755
2020,0.5540218710677574

# (b) Per-province break ratio 2010->2012, (AP_2012/AP_2010)/(livestock_2012/livestock_2010); 1 = no break
,break_ratio
p10,0.25307253444640765
p25,0.3865583093662311
p50,0.44536196610199186
p75,0.5205695909858136
p90,0.5720478269596527

# (c) Break ratio by group; Kruskal-Wallis p = 0.025
Treated_Label,mean,median,count
Non-metropolitan,0.4547880598518542,0.4616967128798555,51
New-metropolitan (2012),0.4319247066989777,0.44589043723392163,14
Old-metropolitan,0.357647120989971,0.41490309570783435,16
