indicator,category,denominator,median value,skew raw,skew after log1p,"Pearson(log1p, raw)",log1p effectively linear (Pearson > 0.99)
electricity_agriculture_mwh,external_input,per area,3.943829605864364,5.8023850834632285,0.3453065294624366,0.7411400194981174,False
electricity_agriculture_mwh,external_input,per household,0.15470813538398187,4.792642473911457,2.369464183921173,0.9452049143067749,False
fertilizer_use,external_input,per area,2.2936762718129784,1.763159566775294,0.20664738295421228,0.9298610412511541,False
fertilizer_use,external_input,per household,0.09768547003987571,1.8719212708037862,1.4040151777010637,0.9964987572554422,True
landuse_core,land_use,per area,0.2744035387254079,0.7630454519270735,0.4131269269991672,0.9959812848988181,True
landuse_core,land_use,per household,0.20129300955325333,0.9274721784651632,0.6284891914316613,0.996299468668779,True
landuse_fallow_km2,land_use,per area,0.019421487603305785,1.9160999345663052,1.7834288801214817,0.9995305300879334,True
landuse_fallow_km2,land_use,per household,0.0009968633710242915,2.2083107439758343,2.190873309693212,0.9999939266655742,True
landuse_greenhouse_km2,land_use,per area,2.7395295467584625e-05,4.687640487023581,4.678727320955355,0.9999984001485781,True
landuse_greenhouse_km2,land_use,per household,1.284520898684255e-06,4.601384592950516,4.601186334624233,0.9999999990115611,True
landuse_longtermCrops_km2,land_use,per area,0.020836236933797908,2.2922904224028544,2.0906223334420524,0.9988254223960361,True
landuse_longtermCrops_km2,land_use,per household,0.0009601042196649806,2.560967248738291,2.5457619132012224,0.9999969809344722,True
landuse_vegetables_km2,land_use,per area,0.007015198681560154,2.5841013910753405,2.4883793988185072,0.99991379530604,True
landuse_vegetables_km2,land_use,per household,0.00035173166545138343,3.589263234553102,3.580288637551348,0.9999996528852871,True
agro_crop_1000USD,market,per area,47.050836253947274,1.2903149786367938,-0.6450049409027073,0.8772304618237633,False
agro_crop_1000USD,market,per household,2.252518988331504,1.4770048160346283,-0.05542034024414286,0.9483352091040499,False
agro_livestock_1000USD,market,per area,34.46979437185785,1.2123366090029901,-0.20249658760961978,0.9459491094221135,False
agro_livestock_1000USD,market,per household,1.9134790259119285,2.596377215094325,0.5562772148176578,0.9260852588855313,False
wasteCollected_1000ton,municipal_burden,per area,0.019662486453011302,8.15483745792048,7.374165032851666,0.9942151774779374,True
wasteCollected_1000ton,municipal_burden,per household,0.001115012988984266,0.9786977228064805,0.977419415191552,0.9999999651338737,True
water_drainage,municipal_burden,per area,3.6998829904085015,7.377955082148146,1.3704522135192332,0.7296835265642764,False
water_drainage,municipal_burden,per household,0.2280484498285236,1.1554108641659586,0.9421385240310528,0.9987954880725946,True
agro_greenhouse_prod_ton,production,per area,0.30531547104580814,6.10521591649004,1.962913646125541,0.7645942775866251,False
agro_greenhouse_prod_ton,production,per household,0.014387369169197965,5.2592027797838465,3.804505053867539,0.9679922792676058,False
total_agro_production_ton,production,per area,114.08884535607282,1.4628626867710193,-1.3164682196381143,0.8273556500431926,False
total_agro_production_ton,production,per household,5.817506557621909,2.2828373856758946,-0.2132097806900161,0.8663838879938334,False
